model,method,window,threshold,calls,coverage,accuracy
active,legacy_directional_score,all,0.5,1500,1.0,0.6173333333333333
active,legacy_directional_score,all,0.55,1482,0.988,0.6167341430499326
active,legacy_directional_score,all,0.6,1297,0.8646666666666667,0.6083269082498073
active,legacy_directional_score,all,0.65,766,0.5106666666666667,0.6331592689295039
active,legacy_directional_score,all,0.7,272,0.18133333333333335,0.6875
active,legacy_directional_score,all,0.75,73,0.048666666666666664,0.6438356164383562
active,legacy_directional_score,tuning_early,0.5,450,1.0,0.64
active,legacy_directional_score,tuning_early,0.55,450,1.0,0.64
active,legacy_directional_score,tuning_early,0.6,446,0.9911111111111112,0.6390134529147982
active,legacy_directional_score,tuning_early,0.65,377,0.8377777777777777,0.6392572944297082
active,legacy_directional_score,tuning_early,0.7,147,0.32666666666666666,0.7074829931972789
active,legacy_directional_score,tuning_early,0.75,43,0.09555555555555556,0.6744186046511628
active,legacy_directional_score,tuning_late,0.5,450,1.0,0.6466666666666666
active,legacy_directional_score,tuning_late,0.55,450,1.0,0.6466666666666666
active,legacy_directional_score,tuning_late,0.6,450,1.0,0.6466666666666666
active,legacy_directional_score,tuning_late,0.65,313,0.6955555555555556,0.6613418530351438
active,legacy_directional_score,tuning_late,0.7,120,0.26666666666666666,0.6583333333333333
active,legacy_directional_score,tuning_late,0.75,30,0.06666666666666667,0.6
active,legacy_directional_score,validation,0.5,600,1.0,0.5783333333333334
active,legacy_directional_score,validation,0.55,582,0.97,0.5756013745704467
active,legacy_directional_score,validation,0.6,401,0.6683333333333333,0.5311720698254364
active,legacy_directional_score,validation,0.65,76,0.12666666666666668,0.4868421052631579
active,legacy_directional_score,validation,0.7,5,0.008333333333333333,0.8
active,legacy_directional_score,validation,0.75,0,0.0,
active,legacy_directional_score,confirmation,0.5,0,,
active,legacy_directional_score,confirmation,0.55,0,,
active,legacy_directional_score,confirmation,0.6,0,,
active,legacy_directional_score,confirmation,0.65,0,,
active,legacy_directional_score,confirmation,0.7,0,,
active,legacy_directional_score,confirmation,0.75,0,,
active,legacy_directional_score_causal_window,all,0.5,1305,1.0,0.6084291187739463
active,legacy_directional_score_causal_window,all,0.55,1287,0.9862068965517241,0.6076146076146076
active,legacy_directional_score_causal_window,all,0.6,1102,0.8444444444444444,0.5961887477313974
active,legacy_directional_score_causal_window,all,0.65,598,0.4582375478927203,0.6204013377926422
active,legacy_directional_score_causal_window,all,0.7,211,0.16168582375478927,0.6729857819905213
active,legacy_directional_score_causal_window,all,0.75,62,0.0475095785440613,0.6451612903225806
active,legacy_directional_score_causal_window,tuning_early,0.5,255,1.0,0.611764705882353
active,legacy_directional_score_causal_window,tuning_early,0.55,255,1.0,0.611764705882353
active,legacy_directional_score_causal_window,tuning_early,0.6,251,0.984313725490196,0.6095617529880478
active,legacy_directional_score_causal_window,tuning_early,0.65,209,0.8196078431372549,0.6076555023923444
active,legacy_directional_score_causal_window,tuning_early,0.7,86,0.33725490196078434,0.686046511627907
active,legacy_directional_score_causal_window,tuning_early,0.75,32,0.12549019607843137,0.6875
active,legacy_directional_score_causal_window,tuning_late,0.5,450,1.0,0.6466666666666666
active,legacy_directional_score_causal_window,tuning_late,0.55,450,1.0,0.6466666666666666
active,legacy_directional_score_causal_window,tuning_late,0.6,450,1.0,0.6466666666666666
active,legacy_directional_score_causal_window,tuning_late,0.65,313,0.6955555555555556,0.6613418530351438
active,legacy_directional_score_causal_window,tuning_late,0.7,120,0.26666666666666666,0.6583333333333333
active,legacy_directional_score_causal_window,tuning_late,0.75,30,0.06666666666666667,0.6
active,legacy_directional_score_causal_window,validation,0.5,600,1.0,0.5783333333333334
active,legacy_directional_score_causal_window,validation,0.55,582,0.97,0.5756013745704467
active,legacy_directional_score_causal_window,validation,0.6,401,0.6683333333333333,0.5311720698254364
active,legacy_directional_score_causal_window,validation,0.65,76,0.12666666666666668,0.4868421052631579
active,legacy_directional_score_causal_window,validation,0.7,5,0.008333333333333333,0.8
active,legacy_directional_score_causal_window,validation,0.75,0,0.0,
active,legacy_directional_score_causal_window,confirmation,0.5,0,,
active,legacy_directional_score_causal_window,confirmation,0.55,0,,
active,legacy_directional_score_causal_window,confirmation,0.6,0,,
active,legacy_directional_score_causal_window,confirmation,0.65,0,,
active,legacy_directional_score_causal_window,confirmation,0.7,0,,
active,legacy_directional_score_causal_window,confirmation,0.75,0,,
active,causal_global_cohort,all,0.5,1305,1.0,0.6084291187739463
active,causal_global_cohort,all,0.55,1305,1.0,0.6084291187739463
active,causal_global_cohort,all,0.6,1305,1.0,0.6084291187739463
active,causal_global_cohort,all,0.65,165,0.12643678160919541,0.5393939393939394
active,causal_global_cohort,all,0.7,15,0.011494252873563218,0.26666666666666666
active,causal_global_cohort,all,0.75,0,0.0,
active,causal_global_cohort,tuning_early,0.5,255,1.0,0.611764705882353
active,causal_global_cohort,tuning_early,0.55,255,1.0,0.611764705882353
active,causal_global_cohort,tuning_early,0.6,255,1.0,0.611764705882353
active,causal_global_cohort,tuning_early,0.65,105,0.4117647058823529,0.5047619047619047
active,causal_global_cohort,tuning_early,0.7,15,0.058823529411764705,0.26666666666666666
active,causal_global_cohort,tuning_early,0.75,0,0.0,
active,causal_global_cohort,tuning_late,0.5,450,1.0,0.6466666666666666
active,causal_global_cohort,tuning_late,0.55,450,1.0,0.6466666666666666
active,causal_global_cohort,tuning_late,0.6,450,1.0,0.6466666666666666
active,causal_global_cohort,tuning_late,0.65,60,0.13333333333333333,0.6
active,causal_global_cohort,tuning_late,0.7,0,0.0,
active,causal_global_cohort,tuning_late,0.75,0,0.0,
active,causal_global_cohort,validation,0.5,600,1.0,0.5783333333333334
active,causal_global_cohort,validation,0.55,600,1.0,0.5783333333333334
active,causal_global_cohort,validation,0.6,600,1.0,0.5783333333333334
active,causal_global_cohort,validation,0.65,0,0.0,
active,causal_global_cohort,validation,0.7,0,0.0,
active,causal_global_cohort,validation,0.75,0,0.0,
active,causal_global_cohort,confirmation,0.5,0,,
active,causal_global_cohort,confirmation,0.55,0,,
active,causal_global_cohort,confirmation,0.6,0,,
active,causal_global_cohort,confirmation,0.65,0,,
active,causal_global_cohort,confirmation,0.7,0,,
active,causal_global_cohort,confirmation,0.75,0,,
active,causal_rank_beta,all,0.5,1305,1.0,0.6084291187739463
active,causal_rank_beta,all,0.55,1305,1.0,0.6084291187739463
active,causal_rank_beta,all,0.6,965,0.7394636015325671,0.6093264248704663
active,causal_rank_beta,all,0.65,413,0.3164750957854406,0.5811138014527845
active,causal_rank_beta,all,0.7,61,0.04674329501915709,0.5901639344262295
active,causal_rank_beta,all,0.75,0,0.0,
active,causal_rank_beta,tuning_early,0.5,255,1.0,0.611764705882353
active,causal_rank_beta,tuning_early,0.55,255,1.0,0.611764705882353
active,causal_rank_beta,tuning_early,0.6,220,0.8627450980392157,0.5818181818181818
active,causal_rank_beta,tuning_early,0.65,129,0.5058823529411764,0.5736434108527132
active,causal_rank_beta,tuning_early,0.7,28,0.10980392156862745,0.5714285714285714
active,causal_rank_beta,tuning_early,0.75,0,0.0,
active,causal_rank_beta,tuning_late,0.5,450,1.0,0.6466666666666666
active,causal_rank_beta,tuning_late,0.55,450,1.0,0.6466666666666666
active,causal_rank_beta,tuning_late,0.6,325,0.7222222222222222,0.6615384615384615
active,causal_rank_beta,tuning_late,0.65,195,0.43333333333333335,0.6358974358974359
active,causal_rank_beta,tuning_late,0.7,33,0.07333333333333333,0.6060606060606061
active,causal_rank_beta,tuning_late,0.75,0,0.0,
active,causal_rank_beta,validation,0.5,600,1.0,0.5783333333333334
active,causal_rank_beta,validation,0.55,600,1.0,0.5783333333333334
active,causal_rank_beta,validation,0.6,420,0.7,0.5833333333333334
active,causal_rank_beta,validation,0.65,89,0.14833333333333334,0.47191011235955055
active,causal_rank_beta,validation,0.7,0,0.0,
active,causal_rank_beta,validation,0.75,0,0.0,
active,causal_rank_beta,confirmation,0.5,0,,
active,causal_rank_beta,confirmation,0.55,0,,
active,causal_rank_beta,confirmation,0.6,0,,
active,causal_rank_beta,confirmation,0.65,0,,
active,causal_rank_beta,confirmation,0.7,0,,
active,causal_rank_beta,confirmation,0.75,0,,
active,causal_regime_beta,all,0.5,1290,0.9885057471264368,0.6093023255813953
active,causal_regime_beta,all,0.55,1230,0.9425287356321839,0.608130081300813
active,causal_regime_beta,all,0.6,915,0.7011494252873564,0.5934426229508196
active,causal_regime_beta,all,0.65,525,0.40229885057471265,0.5828571428571429
active,causal_regime_beta,all,0.7,15,0.011494252873563218,0.26666666666666666
active,causal_regime_beta,all,0.75,0,0.0,
active,causal_regime_beta,tuning_early,0.5,240,0.9411764705882353,0.6166666666666667
active,causal_regime_beta,tuning_early,0.55,225,0.8823529411764706,0.5955555555555555
active,causal_regime_beta,tuning_early,0.6,180,0.7058823529411765,0.5444444444444444
active,causal_regime_beta,tuning_early,0.65,180,0.7058823529411765,0.5444444444444444
active,causal_regime_beta,tuning_early,0.7,15,0.058823529411764705,0.26666666666666666
active,causal_regime_beta,tuning_early,0.75,0,0.0,
active,causal_regime_beta,tuning_late,0.5,450,1.0,0.6466666666666666
active,causal_regime_beta,tuning_late,0.55,420,0.9333333333333333,0.6523809523809524
active,causal_regime_beta,tuning_late,0.6,315,0.7,0.6666666666666666
active,causal_regime_beta,tuning_late,0.65,270,0.6,0.7
active,causal_regime_beta,tuning_late,0.7,0,0.0,
active,causal_regime_beta,tuning_late,0.75,0,0.0,
active,causal_regime_beta,validation,0.5,600,1.0,0.5783333333333334
active,causal_regime_beta,validation,0.55,585,0.975,0.5811965811965812
active,causal_regime_beta,validation,0.6,420,0.7,0.5595238095238095
active,causal_regime_beta,validation,0.65,75,0.125,0.25333333333333335
active,causal_regime_beta,validation,0.7,0,0.0,
active,causal_regime_beta,validation,0.75,0,0.0,
active,causal_regime_beta,confirmation,0.5,0,,
active,causal_regime_beta,confirmation,0.55,0,,
active,causal_regime_beta,confirmation,0.6,0,,
active,causal_regime_beta,confirmation,0.65,0,,
active,causal_regime_beta,confirmation,0.7,0,,
active,causal_regime_beta,confirmation,0.75,0,,
active,causal_rank_regime_beta,all,0.5,1305,1.0,0.6084291187739463
active,causal_rank_regime_beta,all,0.55,1286,0.98544061302682,0.6080870917573873
active,causal_rank_regime_beta,all,0.6,958,0.7340996168582375,0.5991649269311065
active,causal_rank_regime_beta,all,0.65,475,0.36398467432950193,0.5936842105263158
active,causal_rank_regime_beta,all,0.7,114,0.08735632183908046,0.5614035087719298
active,causal_rank_regime_beta,all,0.75,0,0.0,
active,causal_rank_regime_beta,tuning_early,0.5,255,1.0,0.611764705882353
active,causal_rank_regime_beta,tuning_early,0.55,247,0.9686274509803922,0.6153846153846154
active,causal_rank_regime_beta,tuning_early,0.6,221,0.8666666666666667,0.6018099547511312
active,causal_rank_regime_beta,tuning_early,0.65,147,0.5764705882352941,0.5170068027210885
active,causal_rank_regime_beta,tuning_early,0.7,39,0.15294117647058825,0.5897435897435898
active,causal_rank_regime_beta,tuning_early,0.75,0,0.0,
active,causal_rank_regime_beta,tuning_late,0.5,450,1.0,0.6466666666666666
active,causal_rank_regime_beta,tuning_late,0.55,445,0.9888888888888889,0.647191011235955
active,causal_rank_regime_beta,tuning_late,0.6,371,0.8244444444444444,0.6469002695417789
active,causal_rank_regime_beta,tuning_late,0.65,191,0.42444444444444446,0.7172774869109948
active,causal_rank_regime_beta,tuning_late,0.7,53,0.11777777777777777,0.6226415094339622
active,causal_rank_regime_beta,tuning_late,0.75,0,0.0,
active,causal_rank_regime_beta,validation,0.5,600,1.0,0.5783333333333334
active,causal_rank_regime_beta,validation,0.55,594,0.99,0.5757575757575758
active,causal_rank_regime_beta,validation,0.6,366,0.61,0.5491803278688525
active,causal_rank_regime_beta,validation,0.65,137,0.22833333333333333,0.5036496350364964
active,causal_rank_regime_beta,validation,0.7,22,0.03666666666666667,0.36363636363636365
active,causal_rank_regime_beta,validation,0.75,0,0.0,
active,causal_rank_regime_beta,confirmation,0.5,0,,
active,causal_rank_regime_beta,confirmation,0.55,0,,
active,causal_rank_regime_beta,confirmation,0.6,0,,
active,causal_rank_regime_beta,confirmation,0.65,0,,
active,causal_rank_regime_beta,confirmation,0.7,0,,
active,causal_rank_regime_beta,confirmation,0.75,0,,
active,causal_platt_score_rank,all,0.5,1305,1.0,0.6084291187739463
active,causal_platt_score_rank,all,0.55,1305,1.0,0.6084291187739463
active,causal_platt_score_rank,all,0.6,1163,0.8911877394636015,0.6087704213241617
active,causal_platt_score_rank,all,0.65,384,0.2942528735632184,0.6041666666666666
active,causal_platt_score_rank,all,0.7,17,0.013026819923371647,0.5882352941176471
active,causal_platt_score_rank,all,0.75,0,0.0,
active,causal_platt_score_rank,tuning_early,0.5,255,1.0,0.611764705882353
active,causal_platt_score_rank,tuning_early,0.55,255,1.0,0.611764705882353
active,causal_platt_score_rank,tuning_early,0.6,246,0.9647058823529412,0.6056910569105691
active,causal_platt_score_rank,tuning_early,0.65,141,0.5529411764705883,0.5886524822695035
active,causal_platt_score_rank,tuning_early,0.7,17,0.06666666666666667,0.5882352941176471
active,causal_platt_score_rank,tuning_early,0.75,0,0.0,
active,causal_platt_score_rank,tuning_late,0.5,450,1.0,0.6466666666666666
active,causal_platt_score_rank,tuning_late,0.55,450,1.0,0.6466666666666666
active,causal_platt_score_rank,tuning_late,0.6,425,0.9444444444444444,0.6447058823529411
active,causal_platt_score_rank,tuning_late,0.65,191,0.42444444444444446,0.6649214659685864
active,causal_platt_score_rank,tuning_late,0.7,0,0.0,
active,causal_platt_score_rank,tuning_late,0.75,0,0.0,
active,causal_platt_score_rank,validation,0.5,600,1.0,0.5783333333333334
active,causal_platt_score_rank,validation,0.55,600,1.0,0.5783333333333334
active,causal_platt_score_rank,validation,0.6,492,0.82,0.5792682926829268
active,causal_platt_score_rank,validation,0.65,52,0.08666666666666667,0.4230769230769231
active,causal_platt_score_rank,validation,0.7,0,0.0,
active,causal_platt_score_rank,validation,0.75,0,0.0,
active,causal_platt_score_rank,confirmation,0.5,0,,
active,causal_platt_score_rank,confirmation,0.55,0,,
active,causal_platt_score_rank,confirmation,0.6,0,,
active,causal_platt_score_rank,confirmation,0.65,0,,
active,causal_platt_score_rank,confirmation,0.7,0,,
active,causal_platt_score_rank,confirmation,0.75,0,,
active,causal_isotonic_score,all,0.5,1190,0.9118773946360154,0.6025210084033613
active,causal_isotonic_score,all,0.55,1107,0.8482758620689655,0.5953026196928636
active,causal_isotonic_score,all,0.6,516,0.3954022988505747,0.5930232558139535
active,causal_isotonic_score,all,0.65,339,0.2597701149425287,0.6460176991150443
active,causal_isotonic_score,all,0.7,186,0.1425287356321839,0.6397849462365591
active,causal_isotonic_score,all,0.75,56,0.04291187739463601,0.5535714285714286
active,causal_isotonic_score,tuning_early,0.5,245,0.9607843137254902,0.6
active,causal_isotonic_score,tuning_early,0.55,236,0.9254901960784314,0.5847457627118644
active,causal_isotonic_score,tuning_early,0.6,162,0.6352941176470588,0.6049382716049383
active,causal_isotonic_score,tuning_early,0.65,128,0.5019607843137255,0.625
active,causal_isotonic_score,tuning_early,0.7,89,0.34901960784313724,0.651685393258427
active,causal_isotonic_score,tuning_early,0.75,37,0.1450980392156863,0.5945945945945946
active,causal_isotonic_score,tuning_late,0.5,446,0.9911111111111112,0.647982062780269
active,causal_isotonic_score,tuning_late,0.55,446,0.9911111111111112,0.647982062780269
active,causal_isotonic_score,tuning_late,0.6,271,0.6022222222222222,0.6642066420664207
active,causal_isotonic_score,tuning_late,0.65,188,0.4177777777777778,0.675531914893617
active,causal_isotonic_score,tuning_late,0.7,97,0.21555555555555556,0.6288659793814433
active,causal_isotonic_score,tuning_late,0.75,19,0.042222222222222223,0.47368421052631576
active,causal_isotonic_score,validation,0.5,499,0.8316666666666667,0.56312625250501
active,causal_isotonic_score,validation,0.55,425,0.7083333333333334,0.5458823529411765
active,causal_isotonic_score,validation,0.6,83,0.13833333333333334,0.3373493975903614
active,causal_isotonic_score,validation,0.65,23,0.03833333333333333,0.5217391304347826
active,causal_isotonic_score,validation,0.7,0,0.0,
active,causal_isotonic_score,validation,0.75,0,0.0,
active,causal_isotonic_score,confirmation,0.5,0,,
active,causal_isotonic_score,confirmation,0.55,0,,
active,causal_isotonic_score,confirmation,0.6,0,,
active,causal_isotonic_score,confirmation,0.65,0,,
active,causal_isotonic_score,confirmation,0.7,0,,
active,causal_isotonic_score,confirmation,0.75,0,,
adaptive,legacy_directional_score,all,0.5,2544,0.999607072691552,0.6242138364779874
adaptive,legacy_directional_score,all,0.55,2490,0.9783889980353635,0.6216867469879518
adaptive,legacy_directional_score,all,0.6,2125,0.8349705304518664,0.6127058823529412
adaptive,legacy_directional_score,all,0.65,1046,0.41100196463654226,0.6347992351816444
adaptive,legacy_directional_score,all,0.7,310,0.12180746561886051,0.6741935483870968
adaptive,legacy_directional_score,all,0.75,76,0.02986247544204322,0.6578947368421053
adaptive,legacy_directional_score,tuning_early,0.5,552,1.0,0.6340579710144928
adaptive,legacy_directional_score,tuning_early,0.55,552,1.0,0.6340579710144928
adaptive,legacy_directional_score,tuning_early,0.6,543,0.9836956521739131,0.6335174953959485
adaptive,legacy_directional_score,tuning_early,0.65,401,0.7264492753623188,0.6458852867830424
adaptive,legacy_directional_score,tuning_early,0.7,150,0.2717391304347826,0.7066666666666667
adaptive,legacy_directional_score,tuning_early,0.75,43,0.07789855072463768,0.6744186046511628
adaptive,legacy_directional_score,tuning_late,0.5,519,1.0,0.6473988439306358
adaptive,legacy_directional_score,tuning_late,0.55,519,1.0,0.6473988439306358
adaptive,legacy_directional_score,tuning_late,0.6,505,0.9730250481695568,0.6455445544554456
adaptive,legacy_directional_score,tuning_late,0.65,305,0.5876685934489403,0.6754098360655738
adaptive,legacy_directional_score,tuning_late,0.7,110,0.2119460500963391,0.6545454545454545
adaptive,legacy_directional_score,tuning_late,0.75,29,0.055876685934489405,0.6206896551724138
adaptive,legacy_directional_score,validation,0.5,674,0.9985185185185185,0.5845697329376854
adaptive,legacy_directional_score,validation,0.55,625,0.9259259259259259,0.5744
adaptive,legacy_directional_score,validation,0.6,399,0.5911111111111111,0.5338345864661654
adaptive,legacy_directional_score,validation,0.65,66,0.09777777777777778,0.5
adaptive,legacy_directional_score,validation,0.7,4,0.005925925925925926,0.75
adaptive,legacy_directional_score,validation,0.75,0,0.0,
adaptive,legacy_directional_score,confirmation,0.5,799,1.0,0.6357947434292867
adaptive,legacy_directional_score,confirmation,0.55,794,0.9937421777221527,0.6335012594458438
adaptive,legacy_directional_score,confirmation,0.6,678,0.8485607008760951,0.6179941002949852
adaptive,legacy_directional_score,confirmation,0.65,274,0.3429286608260325,0.6058394160583942
adaptive,legacy_directional_score,confirmation,0.7,46,0.057571964956195244,0.6086956521739131
adaptive,legacy_directional_score,confirmation,0.75,4,0.0050062578222778474,0.75
adaptive,legacy_directional_score_causal_window,all,0.5,2301,0.9995655951346655,0.6184267709691439
adaptive,legacy_directional_score_causal_window,all,0.55,2247,0.976107732406603,0.6154873164218959
adaptive,legacy_directional_score_causal_window,all,0.6,1882,0.8175499565595135,0.604144527098831
adaptive,legacy_directional_score_causal_window,all,0.65,868,0.37706342311033886,0.6290322580645161
adaptive,legacy_directional_score_causal_window,all,0.7,247,0.10729800173761946,0.659919028340081
adaptive,legacy_directional_score_causal_window,all,0.75,65,0.028236316246741965,0.6615384615384615
adaptive,legacy_directional_score_causal_window,tuning_early,0.5,309,1.0,0.598705501618123
adaptive,legacy_directional_score_causal_window,tuning_early,0.55,309,1.0,0.598705501618123
adaptive,legacy_directional_score_causal_window,tuning_early,0.6,300,0.970873786407767,0.5966666666666667
adaptive,legacy_directional_score_causal_window,tuning_early,0.65,223,0.7216828478964401,0.6322869955156951
adaptive,legacy_directional_score_causal_window,tuning_early,0.7,87,0.2815533980582524,0.6896551724137931
adaptive,legacy_directional_score_causal_window,tuning_early,0.75,32,0.10355987055016182,0.6875
adaptive,legacy_directional_score_causal_window,tuning_late,0.5,519,1.0,0.6473988439306358
adaptive,legacy_directional_score_causal_window,tuning_late,0.55,519,1.0,0.6473988439306358
adaptive,legacy_directional_score_causal_window,tuning_late,0.6,505,0.9730250481695568,0.6455445544554456
adaptive,legacy_directional_score_causal_window,tuning_late,0.65,305,0.5876685934489403,0.6754098360655738
adaptive,legacy_directional_score_causal_window,tuning_late,0.7,110,0.2119460500963391,0.6545454545454545
adaptive,legacy_directional_score_causal_window,tuning_late,0.75,29,0.055876685934489405,0.6206896551724138
adaptive,legacy_directional_score_causal_window,validation,0.5,674,0.9985185185185185,0.5845697329376854
adaptive,legacy_directional_score_causal_window,validation,0.55,625,0.9259259259259259,0.5744
adaptive,legacy_directional_score_causal_window,validation,0.6,399,0.5911111111111111,0.5338345864661654
adaptive,legacy_directional_score_causal_window,validation,0.65,66,0.09777777777777778,0.5
adaptive,legacy_directional_score_causal_window,validation,0.7,4,0.005925925925925926,0.75
adaptive,legacy_directional_score_causal_window,validation,0.75,0,0.0,
adaptive,legacy_directional_score_causal_window,confirmation,0.5,799,1.0,0.6357947434292867
adaptive,legacy_directional_score_causal_window,confirmation,0.55,794,0.9937421777221527,0.6335012594458438
adaptive,legacy_directional_score_causal_window,confirmation,0.6,678,0.8485607008760951,0.6179941002949852
adaptive,legacy_directional_score_causal_window,confirmation,0.65,274,0.3429286608260325,0.6058394160583942
adaptive,legacy_directional_score_causal_window,confirmation,0.7,46,0.057571964956195244,0.6086956521739131
adaptive,legacy_directional_score_causal_window,confirmation,0.75,4,0.0050062578222778474,0.75
adaptive,causal_global_cohort,all,0.5,2302,1.0,0.6185925282363163
adaptive,causal_global_cohort,all,0.55,2302,1.0,0.6185925282363163
adaptive,causal_global_cohort,all,0.6,2302,1.0,0.6185925282363163
adaptive,causal_global_cohort,all,0.65,201,0.08731537793223285,0.582089552238806
adaptive,causal_global_cohort,all,0.7,20,0.008688097306689836,0.2
adaptive,causal_global_cohort,all,0.75,0,0.0,
adaptive,causal_global_cohort,tuning_early,0.5,309,1.0,0.598705501618123
adaptive,causal_global_cohort,tuning_early,0.55,309,1.0,0.598705501618123
adaptive,causal_global_cohort,tuning_early,0.6,309,1.0,0.598705501618123
adaptive,causal_global_cohort,tuning_early,0.65,148,0.47896440129449835,0.5743243243243243
adaptive,causal_global_cohort,tuning_early,0.7,20,0.06472491909385113,0.2
adaptive,causal_global_cohort,tuning_early,0.75,0,0.0,
adaptive,causal_global_cohort,tuning_late,0.5,519,1.0,0.6473988439306358
adaptive,causal_global_cohort,tuning_late,0.55,519,1.0,0.6473988439306358
adaptive,causal_global_cohort,tuning_late,0.6,519,1.0,0.6473988439306358
adaptive,causal_global_cohort,tuning_late,0.65,53,0.10211946050096339,0.6037735849056604
adaptive,causal_global_cohort,tuning_late,0.7,0,0.0,
adaptive,causal_global_cohort,tuning_late,0.75,0,0.0,
adaptive,causal_global_cohort,validation,0.5,675,1.0,0.5851851851851851
adaptive,causal_global_cohort,validation,0.55,675,1.0,0.5851851851851851
adaptive,causal_global_cohort,validation,0.6,675,1.0,0.5851851851851851
adaptive,causal_global_cohort,validation,0.65,0,0.0,
adaptive,causal_global_cohort,validation,0.7,0,0.0,
adaptive,causal_global_cohort,validation,0.75,0,0.0,
adaptive,causal_global_cohort,confirmation,0.5,799,1.0,0.6357947434292867
adaptive,causal_global_cohort,confirmation,0.55,799,1.0,0.6357947434292867
adaptive,causal_global_cohort,confirmation,0.6,799,1.0,0.6357947434292867
adaptive,causal_global_cohort,confirmation,0.65,0,0.0,
adaptive,causal_global_cohort,confirmation,0.7,0,0.0,
adaptive,causal_global_cohort,confirmation,0.75,0,0.0,
adaptive,causal_rank_beta,all,0.5,2302,1.0,0.6185925282363163
adaptive,causal_rank_beta,all,0.55,2302,1.0,0.6185925282363163
adaptive,causal_rank_beta,all,0.6,2181,0.9474370112945265,0.6143970655662541
adaptive,causal_rank_beta,all,0.65,563,0.24456993918331885,0.6198934280639432
adaptive,causal_rank_beta,all,0.7,93,0.04039965247610773,0.6021505376344086
adaptive,causal_rank_beta,all,0.75,0,0.0,
adaptive,causal_rank_beta,tuning_early,0.5,309,1.0,0.598705501618123
adaptive,causal_rank_beta,tuning_early,0.55,309,1.0,0.598705501618123
adaptive,causal_rank_beta,tuning_early,0.6,296,0.9579288025889967,0.5912162162162162
adaptive,causal_rank_beta,tuning_early,0.65,142,0.459546925566343,0.5915492957746479
adaptive,causal_rank_beta,tuning_early,0.7,42,0.13592233009708737,0.5476190476190477
adaptive,causal_rank_beta,tuning_early,0.75,0,0.0,
adaptive,causal_rank_beta,tuning_late,0.5,519,1.0,0.6473988439306358
adaptive,causal_rank_beta,tuning_late,0.55,519,1.0,0.6473988439306358
adaptive,causal_rank_beta,tuning_late,0.6,503,0.9691714836223507,0.6441351888667992
adaptive,causal_rank_beta,tuning_late,0.65,175,0.3371868978805395,0.6514285714285715
adaptive,causal_rank_beta,tuning_late,0.7,51,0.09826589595375723,0.6470588235294118
adaptive,causal_rank_beta,tuning_late,0.75,0,0.0,
adaptive,causal_rank_beta,validation,0.5,675,1.0,0.5851851851851851
adaptive,causal_rank_beta,validation,0.55,675,1.0,0.5851851851851851
adaptive,causal_rank_beta,validation,0.6,614,0.9096296296296297,0.5781758957654723
adaptive,causal_rank_beta,validation,0.65,111,0.16444444444444445,0.5585585585585585
adaptive,causal_rank_beta,validation,0.7,0,0.0,
adaptive,causal_rank_beta,validation,0.75,0,0.0,
adaptive,causal_rank_beta,confirmation,0.5,799,1.0,0.6357947434292867
adaptive,causal_rank_beta,confirmation,0.55,799,1.0,0.6357947434292867
adaptive,causal_rank_beta,confirmation,0.6,768,0.9612015018773467,0.6328125
adaptive,causal_rank_beta,confirmation,0.65,135,0.16896120150187735,0.6592592592592592
adaptive,causal_rank_beta,confirmation,0.7,0,0.0,
adaptive,causal_rank_beta,confirmation,0.75,0,0.0,
adaptive,causal_regime_beta,all,0.5,2283,0.9917463075586447,0.6189224704336399
adaptive,causal_regime_beta,all,0.55,2034,0.8835794960903562,0.6047197640117994
adaptive,causal_regime_beta,all,0.6,1391,0.604257167680278,0.6117900790797987
adaptive,causal_regime_beta,all,0.65,1005,0.4365768896611642,0.6238805970149254
adaptive,causal_regime_beta,all,0.7,20,0.008688097306689836,0.2
adaptive,causal_regime_beta,all,0.75,0,0.0,
adaptive,causal_regime_beta,tuning_early,0.5,290,0.9385113268608414,0.6
adaptive,causal_regime_beta,tuning_early,0.55,254,0.8220064724919094,0.5866141732283464
adaptive,causal_regime_beta,tuning_early,0.6,216,0.6990291262135923,0.5416666666666666
adaptive,causal_regime_beta,tuning_early,0.65,216,0.6990291262135923,0.5416666666666666
adaptive,causal_regime_beta,tuning_early,0.7,20,0.06472491909385113,0.2
adaptive,causal_regime_beta,tuning_early,0.75,0,0.0,
adaptive,causal_regime_beta,tuning_late,0.5,519,1.0,0.6473988439306358
adaptive,causal_regime_beta,tuning_late,0.55,448,0.8631984585741811,0.6540178571428571
adaptive,causal_regime_beta,tuning_late,0.6,359,0.6917148362235067,0.6740947075208914
adaptive,causal_regime_beta,tuning_late,0.65,310,0.5973025048169557,0.7
adaptive,causal_regime_beta,tuning_late,0.7,0,0.0,
adaptive,causal_regime_beta,tuning_late,0.75,0,0.0,
adaptive,causal_regime_beta,validation,0.5,675,1.0,0.5851851851851851
adaptive,causal_regime_beta,validation,0.55,675,1.0,0.5851851851851851
adaptive,causal_regime_beta,validation,0.6,381,0.5644444444444444,0.5538057742782152
adaptive,causal_regime_beta,validation,0.65,76,0.11259259259259259,0.2631578947368421
adaptive,causal_regime_beta,validation,0.7,0,0.0,
adaptive,causal_regime_beta,validation,0.75,0,0.0,
adaptive,causal_regime_beta,confirmation,0.5,799,1.0,0.6357947434292867
adaptive,causal_regime_beta,confirmation,0.55,657,0.8222778473091364,0.5981735159817352
adaptive,causal_regime_beta,confirmation,0.6,435,0.5444305381727159,0.6459770114942529
adaptive,causal_regime_beta,confirmation,0.65,403,0.5043804755944932,0.6774193548387096
adaptive,causal_regime_beta,confirmation,0.7,0,0.0,
adaptive,causal_regime_beta,confirmation,0.75,0,0.0,
adaptive,causal_rank_regime_beta,all,0.5,2302,1.0,0.6185925282363163
adaptive,causal_rank_regime_beta,all,0.55,2194,0.9530842745438749,0.6166818596171376
adaptive,causal_rank_regime_beta,all,0.6,1727,0.7502172024326672,0.6236247828604516
adaptive,causal_rank_regime_beta,all,0.65,867,0.37662901824500433,0.621683967704729
adaptive,causal_rank_regime_beta,all,0.7,141,0.061251086012163336,0.5673758865248227
adaptive,causal_rank_regime_beta,all,0.75,0,0.0,
adaptive,causal_rank_regime_beta,tuning_early,0.5,309,1.0,0.598705501618123
adaptive,causal_rank_regime_beta,tuning_early,0.55,304,0.9838187702265372,0.5986842105263158
adaptive,causal_rank_regime_beta,tuning_early,0.6,265,0.8576051779935275,0.5849056603773585
adaptive,causal_rank_regime_beta,tuning_early,0.65,194,0.627831715210356,0.5154639175257731
adaptive,causal_rank_regime_beta,tuning_early,0.7,44,0.1423948220064725,0.5227272727272727
adaptive,causal_rank_regime_beta,tuning_early,0.75,0,0.0,
adaptive,causal_rank_regime_beta,tuning_late,0.5,519,1.0,0.6473988439306358
adaptive,causal_rank_regime_beta,tuning_late,0.55,514,0.9903660886319846,0.6478599221789884
adaptive,causal_rank_regime_beta,tuning_late,0.6,448,0.8631984585741811,0.6540178571428571
adaptive,causal_rank_regime_beta,tuning_late,0.65,251,0.4836223506743738,0.6932270916334662
adaptive,causal_rank_regime_beta,tuning_late,0.7,69,0.1329479768786127,0.6666666666666666
adaptive,causal_rank_regime_beta,tuning_late,0.75,0,0.0,
adaptive,causal_rank_regime_beta,validation,0.5,675,1.0,0.5851851851851851
adaptive,causal_rank_regime_beta,validation,0.55,656,0.9718518518518519,0.586890243902439
adaptive,causal_rank_regime_beta,validation,0.6,474,0.7022222222222222,0.5822784810126582
adaptive,causal_rank_regime_beta,validation,0.65,126,0.18666666666666668,0.5476190476190477
adaptive,causal_rank_regime_beta,validation,0.7,22,0.03259259259259259,0.4090909090909091
adaptive,causal_rank_regime_beta,validation,0.75,0,0.0,
adaptive,causal_rank_regime_beta,confirmation,0.5,799,1.0,0.6357947434292867
adaptive,causal_rank_regime_beta,confirmation,0.55,720,0.9011264080100125,0.6291666666666667
adaptive,causal_rank_regime_beta,confirmation,0.6,540,0.6758448060075094,0.6537037037037037
adaptive,causal_rank_regime_beta,confirmation,0.65,296,0.3704630788485607,0.6621621621621622
adaptive,causal_rank_regime_beta,confirmation,0.7,6,0.007509386733416771,0.3333333333333333
adaptive,causal_rank_regime_beta,confirmation,0.75,0,0.0,
adaptive,causal_platt_score_rank,all,0.5,2302,1.0,0.6185925282363163
adaptive,causal_platt_score_rank,all,0.55,2302,1.0,0.6185925282363163
adaptive,causal_platt_score_rank,all,0.6,2207,0.9587315377932233,0.6148618033529678
adaptive,causal_platt_score_rank,all,0.65,442,0.19200695047784536,0.6131221719457014
adaptive,causal_platt_score_rank,all,0.7,22,0.009556907037358819,0.5
adaptive,causal_platt_score_rank,all,0.75,0,0.0,
adaptive,causal_platt_score_rank,tuning_early,0.5,309,1.0,0.598705501618123
adaptive,causal_platt_score_rank,tuning_early,0.55,309,1.0,0.598705501618123
adaptive,causal_platt_score_rank,tuning_early,0.6,305,0.9870550161812298,0.5967213114754099
adaptive,causal_platt_score_rank,tuning_early,0.65,174,0.5631067961165048,0.5862068965517241
adaptive,causal_platt_score_rank,tuning_early,0.7,22,0.07119741100323625,0.5
adaptive,causal_platt_score_rank,tuning_early,0.75,0,0.0,
adaptive,causal_platt_score_rank,tuning_late,0.5,519,1.0,0.6473988439306358
adaptive,causal_platt_score_rank,tuning_late,0.55,519,1.0,0.6473988439306358
adaptive,causal_platt_score_rank,tuning_late,0.6,502,0.9672447013487476,0.6454183266932271
adaptive,causal_platt_score_rank,tuning_late,0.65,222,0.4277456647398844,0.6666666666666666
adaptive,causal_platt_score_rank,tuning_late,0.7,0,0.0,
adaptive,causal_platt_score_rank,tuning_late,0.75,0,0.0,
adaptive,causal_platt_score_rank,validation,0.5,675,1.0,0.5851851851851851
adaptive,causal_platt_score_rank,validation,0.55,675,1.0,0.5851851851851851
adaptive,causal_platt_score_rank,validation,0.6,612,0.9066666666666666,0.5735294117647058
adaptive,causal_platt_score_rank,validation,0.65,43,0.0637037037037037,0.4418604651162791
adaptive,causal_platt_score_rank,validation,0.7,0,0.0,
adaptive,causal_platt_score_rank,validation,0.75,0,0.0,
adaptive,causal_platt_score_rank,confirmation,0.5,799,1.0,0.6357947434292867
adaptive,causal_platt_score_rank,confirmation,0.55,799,1.0,0.6357947434292867
adaptive,causal_platt_score_rank,confirmation,0.6,788,0.986232790988736,0.6345177664974619
adaptive,causal_platt_score_rank,confirmation,0.65,3,0.0037546933667083854,0.6666666666666666
adaptive,causal_platt_score_rank,confirmation,0.7,0,0.0,
adaptive,causal_platt_score_rank,confirmation,0.75,0,0.0,
adaptive,causal_isotonic_score,all,0.5,2251,0.977845351867941,0.6175033318525099
adaptive,causal_isotonic_score,all,0.55,2155,0.9361424847958297,0.6125290023201856
adaptive,causal_isotonic_score,all,0.6,1328,0.576889661164205,0.6091867469879518
adaptive,causal_isotonic_score,all,0.65,436,0.1894005212858384,0.6353211009174312
adaptive,causal_isotonic_score,all,0.7,219,0.0951346655082537,0.6529680365296804
adaptive,causal_isotonic_score,all,0.75,46,0.01998262380538662,0.5869565217391305
adaptive,causal_isotonic_score,tuning_early,0.5,307,0.9935275080906149,0.5993485342019544
adaptive,causal_isotonic_score,tuning_early,0.55,285,0.9223300970873787,0.5929824561403508
adaptive,causal_isotonic_score,tuning_early,0.6,223,0.7216828478964401,0.600896860986547
adaptive,causal_isotonic_score,tuning_early,0.65,127,0.4110032362459547,0.6299212598425197
adaptive,causal_isotonic_score,tuning_early,0.7,89,0.28802588996763756,0.651685393258427
adaptive,causal_isotonic_score,tuning_early,0.75,30,0.0970873786407767,0.6666666666666666
adaptive,causal_isotonic_score,tuning_late,0.5,518,0.9980732177263969,0.6486486486486487
adaptive,causal_isotonic_score,tuning_late,0.55,518,0.9980732177263969,0.6486486486486487
adaptive,causal_isotonic_score,tuning_late,0.6,361,0.6955684007707129,0.6537396121883656
adaptive,causal_isotonic_score,tuning_late,0.65,210,0.4046242774566474,0.6666666666666666
adaptive,causal_isotonic_score,tuning_late,0.7,97,0.18689788053949905,0.6597938144329897
adaptive,causal_isotonic_score,tuning_late,0.75,16,0.030828516377649325,0.4375
adaptive,causal_isotonic_score,validation,0.5,627,0.9288888888888889,0.5773524720893142
adaptive,causal_isotonic_score,validation,0.55,553,0.8192592592592592,0.5551537070524413
adaptive,causal_isotonic_score,validation,0.6,132,0.19555555555555557,0.48484848484848486
adaptive,causal_isotonic_score,validation,0.65,25,0.037037037037037035,0.52
adaptive,causal_isotonic_score,validation,0.7,3,0.0044444444444444444,1.0
adaptive,causal_isotonic_score,validation,0.75,0,0.0,
adaptive,causal_isotonic_score,confirmation,0.5,799,1.0,0.6357947434292867
adaptive,causal_isotonic_score,confirmation,0.55,799,1.0,0.6357947434292867
adaptive,causal_isotonic_score,confirmation,0.6,612,0.7659574468085106,0.6127450980392157
adaptive,causal_isotonic_score,confirmation,0.65,74,0.09261576971214018,0.5945945945945946
adaptive,causal_isotonic_score,confirmation,0.7,30,0.03754693366708386,0.6
adaptive,causal_isotonic_score,confirmation,0.75,0,0.0,
