model,method,bucket,calls,average_probability,observed_accuracy,observed_wilson_ci95_low,observed_wilson_ci95_high,observed_wilson_lcb_95_one_sided
active,legacy_directional_score,<55%,18,0.5400692543745012,0.6666666666666666,0.43749467295945105,0.837212252491663,0.4730995606916803
active,legacy_directional_score,55-60%,185,0.5824087806401745,0.6756756756756757,0.6052400128531741,0.738964063973609,0.6168850523914186
active,legacy_directional_score,60-65%,531,0.6274936463539066,0.5725047080979284,0.5300540070333853,0.6139138898641031,0.5369118119605955
active,legacy_directional_score,65-70%,494,0.6717242071296721,0.6032388663967612,0.5594602751822694,0.6454242280923707,0.566565516546767
active,legacy_directional_score,70-75%,199,0.7212843031953339,0.7035175879396985,0.6366950530669129,0.7626315957894318,0.6478234789866808
active,legacy_directional_score,>=75%,73,0.7655325851481585,0.6438356164383562,0.5293349749798597,0.743954995334245,0.5480228455134353
active,legacy_directional_score_causal_window,<55%,18,0.5400692543745012,0.6666666666666666,0.43749467295945105,0.837212252491663,0.4730995606916803
active,legacy_directional_score_causal_window,55-60%,185,0.5824087806401745,0.6756756756756757,0.6052400128531741,0.738964063973609,0.6168850523914186
active,legacy_directional_score_causal_window,60-65%,504,0.626709511158578,0.5674603174603174,0.5238581727639637,0.6100418836786692,0.5308965233276282
active,legacy_directional_score_causal_window,65-70%,387,0.6712709434459362,0.5917312661498708,0.5420928217790254,0.6395665145007846,0.5501356600260969
active,legacy_directional_score_causal_window,70-75%,149,0.7211853268650541,0.6845637583892618,0.6061091754180948,0.7537408314084116,0.619128198154935
active,legacy_directional_score_causal_window,>=75%,62,0.765945685943486,0.6451612903225806,0.5208113075778423,0.752572671489501,0.5410658609593616
active,causal_global_cohort,60-65%,1140,0.6300440877713916,0.618421052631579,0.5898691717860644,0.6461775267471147,0.5945018957585037
active,causal_global_cohort,65-70%,150,0.6648547691461563,0.5666666666666667,0.4866798706275503,0.6433240967900394,0.4995158300231408
active,causal_global_cohort,70-75%,15,0.7048458149779736,0.26666666666666666,0.10897453325692374,0.5195043405598057,0.12581773563548276
active,causal_rank_beta,55-60%,340,0.587851986569379,0.6058823529411764,0.5530351894682214,0.6563636429091925,0.5616200051358685
active,causal_rank_beta,60-65%,552,0.6283164176785344,0.6304347826086957,0.5893960707207092,0.6696706068630732,0.5960823685752945
active,causal_rank_beta,65-70%,352,0.6718010481305948,0.5795454545454546,0.527390673578938,0.6299827819638519,0.5358226074525984
active,causal_rank_beta,70-75%,61,0.7125930793764036,0.5901639344262295,0.4649979227300693,0.7046466256817463,0.4849109320186425
active,causal_regime_beta,<55%,75,0.5285012568948637,0.6133333333333333,0.5001747668382223,0.715447828865675,0.5184322153607125
active,causal_regime_beta,55-60%,315,0.5738015777229483,0.6507936507936508,0.5966186234953909,0.7013351004380605,0.6054983791750245
active,causal_regime_beta,60-65%,390,0.626298063455947,0.6076923076923076,0.5584087415726182,0.6548750509755985,0.5664161449202206
active,causal_regime_beta,65-70%,510,0.6746185262817161,0.592156862745098,0.5489711667196412,0.6339646365060022,0.5559680616805599
active,causal_regime_beta,70-75%,15,0.7048458149779736,0.26666666666666666,0.10897453325692374,0.5195043405598057,0.12581773563548276
active,causal_rank_regime_beta,<55%,19,0.539547840577879,0.631578947368421,0.41039533164803066,0.8085048725486492,0.44408481274819417
active,causal_rank_regime_beta,55-60%,328,0.5824547897355457,0.6341463414634146,0.5807461431922403,0.6844407334347382,0.589468322556272
active,causal_rank_regime_beta,60-65%,483,0.6214114550583117,0.6045548654244306,0.5602894864080328,0.6471702485222224,0.5674754730135002
active,causal_rank_regime_beta,65-70%,361,0.6734042558283784,0.6038781163434903,0.5525861677728169,0.6529825749967916,0.5609149292219302
active,causal_rank_regime_beta,70-75%,114,0.71301855994851,0.5614035087719298,0.46978749853445906,0.6490161902530515,0.4844136147422474
active,causal_platt_score_rank,55-60%,142,0.5923871265978182,0.6056338028169014,0.5234863173987483,0.6822165070421655,0.5368045074064757
active,causal_platt_score_rank,60-65%,779,0.6248125560135418,0.6110397946084724,0.5763399539543541,0.6446498748937686,0.5819719880763725
active,causal_platt_score_rank,65-70%,367,0.668699996121468,0.6049046321525886,0.5540497506945208,0.6535861491449046,0.5623089521743673
active,causal_platt_score_rank,70-75%,17,0.7092121108547227,0.5882352941176471,0.3600544264299978,0.7838894320978518,0.3933572626717811
active,causal_isotonic_score,<55%,198,0.3820329956407411,0.6818181818181818,0.614008523961655,0.7427070904650183,0.6252338648176105
active,causal_isotonic_score,55-60%,591,0.5784951684623745,0.5972927241962775,0.5572467371177627,0.6360820873861543,0.5637386086251382
active,causal_isotonic_score,60-65%,177,0.6162377797419591,0.4915254237288136,0.41884227712016736,0.564568606536912,0.43031141573807097
active,causal_isotonic_score,65-70%,153,0.6690718212577755,0.6535947712418301,0.575270818236541,0.7243948463995665,0.588146885812603
active,causal_isotonic_score,70-75%,130,0.7187911315777755,0.676923076923077,0.5924551452601903,0.7512350715479341,0.6064450063071806
active,causal_isotonic_score,>=75%,52,0.7924310653968902,0.5576923076923077,0.42339761787202884,0.6840494318059871,0.44435081795108755
adaptive,legacy_directional_score,<55%,55,0.5362903940021898,0.7454545454545455,0.6169812871823414,0.841878852269271,0.6389251339717149
adaptive,legacy_directional_score,55-60%,365,0.5814053080874219,0.673972602739726,0.6242880160036551,0.720033363718842,0.6324629664782333
adaptive,legacy_directional_score,60-65%,1079,0.6264369459992237,0.5912882298424467,0.561682400512563,0.6202463559044195,0.5664732349904771
adaptive,legacy_directional_score,65-70%,736,0.6707145502188021,0.6182065217391305,0.582579985667619,0.6526055367514081,0.5883686853797997
adaptive,legacy_directional_score,70-75%,234,0.7207518009441632,0.6794871794871795,0.6172088168438672,0.7359676243724922,0.6275008530377263
adaptive,legacy_directional_score,>=75%,76,0.7653983695293932,0.6578947368421053,0.5459589781543774,0.7546367318250531,0.564340234151217
adaptive,legacy_directional_score_causal_window,<55%,55,0.5362903940021898,0.7454545454545455,0.6169812871823414,0.841878852269271,0.6389251339717149
adaptive,legacy_directional_score_causal_window,55-60%,365,0.5814053080874219,0.673972602739726,0.6242880160036551,0.720033363718842,0.6324629664782333
adaptive,legacy_directional_score_causal_window,60-65%,1014,0.6258501608428422,0.5828402366863905,0.5522335525080917,0.6128216223858947,0.5571824371728685
adaptive,legacy_directional_score_causal_window,65-70%,621,0.670496650329055,0.6167471819645732,0.5779021017370252,0.6541567636808816,0.58421583152871
adaptive,legacy_directional_score_causal_window,70-75%,182,0.7205427652204996,0.6593406593406593,0.5878290403249925,0.7242649368104338,0.5996000849406997
adaptive,legacy_directional_score_causal_window,>=75%,65,0.7656754320211372,0.6615384615384615,0.5403837691551205,0.7646649668790333,0.5602728456732418
adaptive,causal_global_cohort,60-65%,2101,0.6288813183782807,0.6220847215611613,0.6011468823726757,0.6425769372291222,0.604538715445914
adaptive,causal_global_cohort,65-70%,181,0.6658814406455854,0.6243093922651933,0.5518607842891069,0.6915910921844083,0.563676648787661
adaptive,causal_global_cohort,70-75%,20,0.7067137809187278,0.2,0.08065766257979806,0.41601743225189364,0.09311801658121098
adaptive,causal_rank_beta,55-60%,121,0.593506947304017,0.6942148760330579,0.6071971806219708,0.7692803168695047,0.621697212605098
adaptive,causal_rank_beta,60-65%,1618,0.6209096976351279,0.6124845488257108,0.5885063822578142,0.6359298584242307,0.5923906521763689
adaptive,causal_rank_beta,65-70%,470,0.6670633906575323,0.6234042553191489,0.5787654614222736,0.6660421590183333,0.5860343482984625
adaptive,causal_rank_beta,70-75%,93,0.7118954560012432,0.6021505376344086,0.5005311962132275,0.6956657656187837,0.5169176803988321
adaptive,causal_regime_beta,<55%,268,0.5273947350542578,0.7238805970149254,0.6674766078910812,0.773957162073903,0.6768918956370394
adaptive,causal_regime_beta,55-60%,643,0.5779345671790347,0.5894245723172629,0.5509792566468169,0.6268077395820045,0.5572041885717521
adaptive,causal_regime_beta,60-65%,386,0.6309065470464218,0.5803108808290155,0.5305241458090786,0.6285148650430652,0.5385752247627275
adaptive,causal_regime_beta,65-70%,985,0.6727876090959519,0.63248730964467,0.6019180513148077,0.6620271925580292,0.6068883986896774
adaptive,causal_regime_beta,70-75%,20,0.7067137809187278,0.2,0.08065766257979806,0.41601743225189364,0.09311801658121098
adaptive,causal_rank_regime_beta,<55%,108,0.5375823834617223,0.6574074074074074,0.5638813982964374,0.7401203588203874,0.5792702509628783
adaptive,causal_rank_regime_beta,55-60%,467,0.5788101359932482,0.5910064239828694,0.5458493262927703,0.6346785316679487,0.5531647993227994
adaptive,causal_rank_regime_beta,60-65%,860,0.6255472115659813,0.6255813953488372,0.5927441920048533,0.6573016905982814,0.5980817450804995
adaptive,causal_rank_regime_beta,65-70%,726,0.6686526725705078,0.6322314049586777,0.5965453220140017,0.6665255102599569,0.6023546772399175
adaptive,causal_rank_regime_beta,70-75%,141,0.712081631892739,0.5673758865248227,0.4848842370655171,0.6462936739738974,0.49811554634941224
adaptive,causal_platt_score_rank,55-60%,95,0.5918495511428788,0.7052631578947368,0.6070505934821107,0.7875206771701055,0.6234983245035602
adaptive,causal_platt_score_rank,60-65%,1765,0.6260354695906595,0.6152974504249292,0.5923726856902414,0.6377214236322253,0.5960862825473799
adaptive,causal_platt_score_rank,65-70%,420,0.6676028944571395,0.6190476190476191,0.5717239362600408,0.6642133415094398,0.5794268693892034
adaptive,causal_platt_score_rank,70-75%,22,0.7092350488402248,0.5,0.3072210627372502,0.6927789372627497,0.33453731961804883
adaptive,causal_isotonic_score,<55%,147,0.412182347265747,0.7074829931972789,0.6294095751017774,0.7749885292185406,0.6424620286665939
adaptive,causal_isotonic_score,55-60%,827,0.5840422719531603,0.6178960096735188,0.5843066058282153,0.6503952111427208,0.5897620519889438
adaptive,causal_isotonic_score,60-65%,892,0.6163732557800099,0.5964125560538116,0.5638691326237751,0.6281291258922178,0.5691402132732546
adaptive,causal_isotonic_score,65-70%,217,0.6670718460324224,0.6175115207373272,0.5513375999278075,0.679597299127573,0.5621140268775804
adaptive,causal_isotonic_score,70-75%,173,0.7201346395861554,0.6705202312138728,0.5974421528971253,0.7361900190689644,0.6095104465781637
adaptive,causal_isotonic_score,>=75%,43,0.7961022766830692,0.6046511627906976,0.45579063062873904,0.7363468524170255,0.47933936833811724
