model,slice,calls,accuracy,mean_probability,auc,brier,log_loss,ece,calibration_intercept,calibration_slope,spearman
active,regime_label:mixed,915,0.6459016393442623,0.6574098969366459,0.5350734265003865,0.22915225696512545,0.6508639026323577,0.03963598995067244,0.30659562119028794,0.4484313832929819,0.05810509696195002
active,regime_label:calm,210,0.5523809523809524,0.645838165385268,0.55520909757887,0.2522101907819367,0.6975409001706084,0.10519959488254994,-0.5833542511521627,1.3147945553175397,0.0950998478615183
active,regime_label:stressed,375,0.584,0.6526963737517484,0.45565507551808915,0.2536482165244385,0.7032051003140436,0.09934793146807054,0.8052576652202521,-0.7269687779690396,-0.07571626380563422
active,rank_group:11_15,500,0.584,0.6260254899653444,0.49988474710221287,0.24620831369357732,0.6858769013889853,0.06343954035103466,0.38111380584653465,-0.08023992968150842,-0.00019678701318175123
active,rank_group:6_10,500,0.63,0.6483826232937402,0.4936250536250536,0.23585634400619243,0.6648842781273091,0.062608837441849,0.7244412594076832,-0.31148378882774075,-0.010662011933591035
active,rank_group:4_5,200,0.625,0.6711137335101117,0.54496,0.2361729939123945,0.6656704265776053,0.06426287352791228,0.10480573514701436,0.5661097918295392,0.07540115472161772
active,rank_group:1_3,300,0.6466666666666666,0.7016346908442608,0.5302956623225054,0.23163202917199052,0.6573709916284443,0.06368901662823984,0.21710332281112535,0.4484091896801159,0.05016560221580516
active,indicator_id:X17,14,0.6428571428571429,0.6579146058548451,0.6,0.2276623452206916,0.6475542577326011,0.015057462997702165,-2.456545777888675,4.675433501156991,0.16641005886756877
active,indicator_id:X18,34,0.5882352941176471,0.6793229971421949,0.5928571428571427,0.24740722859570863,0.6885554343721372,0.09108770302454783,-1.3526388231149946,2.278963592087109,0.15837767500702488
active,indicator_id:X21,55,0.6181818181818182,0.6602449930356892,0.5014005602240897,0.23790823038076767,0.6688587748464065,0.04206317485387081,0.15341885381123915,0.4936746989727183,0.0023574941499444626
active,indicator_id:X24,100,0.63,0.6565156818930589,0.5225225225225225,0.23480908768008044,0.6626284491133344,0.07604859101218334,0.4536142803863599,0.120833398333005,0.037670423743321746
active,indicator_id:X25,93,0.6559139784946236,0.6475545587734518,0.4907786885245901,0.22857657964108924,0.649717797185171,0.050421476640055085,1.1628137783571042,-0.8436094522470772,-0.015176281760133652
active,indicator_id:X28,79,0.6075949367088608,0.6340299978478473,0.4663978494623656,0.24287568350439864,0.6795305341906013,0.05342207724886361,0.8080108663530803,-0.6673444584606193,-0.05684167496858337
active,indicator_id:X3,99,0.6666666666666666,0.6691469370598331,0.4756657483930211,0.22605244918478778,0.6448672279720379,0.0356996640800513,1.0531820892772368,-0.5044369386231514,-0.03973969385331191
active,indicator_id:X32,73,0.684931506849315,0.6315806401406939,0.39826086956521745,0.22524737764473232,0.6431303996377108,0.06260749805356997,2.709694557397791,-3.498491412956407,-0.1637364825647577
active,indicator_id:X35,35,0.42857142857142855,0.6460055588278495,0.6466666666666667,0.2858028473553675,0.7675102287800196,0.23431392629455894,-1.7014946361704086,2.309778341735501,0.25153125820901295
active,indicator_id:X37,21,0.42857142857142855,0.6508867627418861,0.7129629629629629,0.28147012779875524,0.758139823016878,0.2223153341704575,-5.3333122800865,7.825693721705799,0.3654939925441437
active,indicator_id:X38,100,0.64,0.6716053492195075,0.48220486111111105,0.23637596010036258,0.6675247939734703,0.06818579333373903,0.8840726400517035,-0.42409433341086994,-0.029590680867001867
active,indicator_id:X39,100,0.7,0.7066615275091453,0.5252380952380952,0.2106893798537861,0.6124681442743272,0.014938096373956994,0.513539246593405,0.3765194873452707,0.04006623750093843
active,indicator_id:X40,100,0.66,0.699979426847719,0.4732620320855615,0.23364234204217083,0.6630764581053826,0.06310718652961886,0.9067905510017201,-0.2795803589696343,-0.04387853942945022
active,indicator_id:X43,91,0.6043956043956044,0.6793644481531618,0.6095959595959597,0.23761408864273711,0.668429677970391,0.07496884375755734,-0.5073363260015998,1.2319356208223249,0.18565326584606323
active,indicator_id:X46,39,0.5384615384615384,0.673049743030847,0.5978835978835979,0.26278466518849947,0.7206764235887572,0.13458820456930842,-2.990303393880795,4.35598651994279,0.16909261994135025
active,indicator_id:X23,91,0.6483516483516484,0.6426360791874629,0.4666313559322034,0.2327698716838897,0.6586717469237449,0.05212670350569147,1.3377992193014892,-1.219809001437965,-0.055196940897580496
active,indicator_id:X42,16,0.5625,0.6588631543051295,0.7777777777777778,0.24407194379580616,0.6807115285895101,0.09636315430512957,-8.743499570309378,13.443272895517863,0.4782867026529595
active,indicator_id:X29,64,0.609375,0.6214444144522124,0.4420512820512821,0.2429497526213013,0.679375497708366,0.1349966629865561,1.2315786644493585,-1.5683973802624405,-0.09795121106084345
active,indicator_id:X31,54,0.5,0.6321220748552128,0.5473251028806585,0.2649336220272331,0.724410280975686,0.13212207485521288,-0.8176745911418357,1.5023641088737678,0.08198354140267243
active,indicator_id:X19,20,0.55,0.6621149290272781,0.6464646464646464,0.2522099798794294,0.6986699965798667,0.11211492902727821,-2.5637108909490007,4.106983803621664,0.25272870971440103
active,indicator_id:X49,6,0.5,0.6347103950180218,0.4444444444444445,0.2675306985953907,0.7296962273438945,0.13471039501802184,-1.0206541460371856,1.8456409224590724,-0.09759000729485333
active,indicator_id:X6,6,0.3333333333333333,0.6470665688979511,1.0,0.3014025906100883,0.797458147978363,0.3137332355646178,-146.99473122788768,223.95709148864356,0.8280786712108252
active,indicator_id:X16,5,0.4,0.6415299676007546,0.6666666666666667,0.288596661469817,0.7732896429865503,0.24152996760075468,-3.4340397362121178,5.022906468746185,0.28867513459481287
active,indicator_id:X30,1,1.0,0.6227038872567776,,0.14235235669114638,0.47368417453966394,0.3772961127432224,,,
active,indicator_id:X34,10,0.6,0.6418690115850529,0.875,0.2278930664842819,0.6464911761028275,0.04186901158505296,-14.498618634530255,26.85425570976885,0.6396021490668313
active,indicator_id:X36,5,0.6,0.6321445610166379,0.6666666666666666,0.23488612518827515,0.6616056561152102,0.19245948477838898,-2.5392221132463333,5.4977305091490045,0.28867513459481287
active,indicator_id:X48,7,0.42857142857142855,0.6355251254077304,0.41666666666666663,0.2910896958147976,0.7782789021218102,0.20695369683630188,8.283830959592146,-15.44767937207873,-0.14433756729740646
active,indicator_id:X2,15,0.6666666666666666,0.6457225887198615,0.48,0.22419398944816424,0.6409480694483188,0.020944077946805084,2.292737060911963,-2.6521512169780035,-0.032732683535398856
active,indicator_id:X27,48,0.6041666666666666,0.6145680609494364,0.4736842105263158,0.2411292612251438,0.6754084006344803,0.019853433376990755,0.5507867302139013,-0.2722779518112114,-0.04458983413337778
active,indicator_id:X26,44,0.5681818181818182,0.6061429882776618,0.36631578947368426,0.2518875719417189,0.6975447613512474,0.14289479069235386,2.060114176837564,-4.1017419511441435,-0.22944418677081638
active,indicator_id:X33,37,0.5675675675675675,0.6033305616061593,0.5386904761904762,0.24357875640745974,0.68009099565744,0.04923955740566365,-0.5066080091693477,1.8584707259883837,0.06642342844420464
active,indicator_id:X47,1,0.0,0.6348821818250717,,0.40307538479896343,1.0075351879646233,0.6348821818250717,,,
active,indicator_id:X11,25,0.68,0.605227205685191,0.29411764705882354,0.23019609573343033,0.653415592662293,0.17786494668230657,4.855385056450238,-9.310137541234534,-0.33295604590814587
active,indicator_id:X9,10,0.7,0.5965809082742763,0.1904761904761905,0.229948538641156,0.6530557758813396,0.11685940208280726,8.998456321356583,-19.581661902474053,-0.493829164658431
active,indicator_id:X8,2,0.5,0.5889109237333012,1.0,0.25085090600847376,0.69464933841612,0.08891092373330123,-63.614433899123235,176.9414505542348,0.9999999999999999
active,predicted_direction:Up,1500,0.6173333333333333,0.6546114737232285,0.5224655895124208,0.23850435758930727,0.6704839817081343,0.06332231239366412,0.26670558925429605,0.3277769786056651,0.037824981064212095
active,window:tuning_early,450,0.64,0.6877625519563584,0.5465106310013718,0.23160010185565522,0.6562752484708274,0.05069054876879743,-0.051868450070814656,0.7920059926206472,0.07733661590184834
active,window:tuning_late,450,0.6466666666666666,0.6767001601595174,0.5329486265101905,0.22955143936828762,0.6524787373407316,0.030033493492850567,0.32259632166182145,0.37922795543955184,0.05455839096480833
active,window:validation,600,0.5783333333333334,0.6131816502211646,0.4158057204041416,0.2503972380553111,0.6946444649116668,0.09930709898451479,1.2470658769532488,-1.9995294297198016,-0.14402820861551857
active,window:confirmation,0,,,,,,,,,
adaptive,regime_label:mixed,1466,0.6609822646657572,0.6444238390820398,0.4971604653722126,0.22711982651381107,0.6467327981163467,0.03306044828807626,0.6779604149551541,-0.01696527534573802,-0.004656332724770149
adaptive,regime_label:calm,482,0.5435684647302904,0.6368190428512772,0.5224670367800138,0.2559066602546009,0.7056008164382147,0.09468457999270478,-0.24247607646947736,0.7381795768874664,0.03876611696765737
adaptive,regime_label:stressed,597,0.5996649916247906,0.6472937245775747,0.47405390243332324,0.24646274404997912,0.6877910717334578,0.07635523840960787,0.6703247750852951,-0.43228745401958035,-0.0440381850262999
adaptive,rank_group:11_15,735,0.6108843537414966,0.6215075782303382,0.4950316943635429,0.23948459517768572,0.6720266421861743,0.04001615127286291,0.5611864459777398,-0.22017640029962657,-0.008391086103683408
adaptive,rank_group:6_10,735,0.6190476190476191,0.6448527372463562,0.47883830455259024,0.23945700457698738,0.6723337164073303,0.07584346530920373,0.8866852044890601,-0.6665862097980523,-0.03559908698984842
adaptive,rank_group:16_plus,340,0.6176470588235294,0.6045740149791639,0.47893772893772896,0.23889502239656668,0.6707774098272299,0.05278780327316307,0.6947913361740229,-0.5026367431710288,-0.03545684636716457
adaptive,rank_group:4_5,294,0.6224489795918368,0.6661247410102572,0.50125535371437,0.23922523871979398,0.6724536570649723,0.06413959604622517,0.6230746313443142,-0.17622805431014368,0.0021081375843873336
adaptive,rank_group:1_3,441,0.6621315192743764,0.6937319943222142,0.512020777787993,0.22644972900604393,0.6461464564672835,0.040197164487652204,0.5284258731477351,0.17460704824590811,0.0196956482305544
adaptive,indicator_id:X17,22,0.5909090909090909,0.6511517393874041,0.7692307692307693,0.23609634247232814,0.6640140636971892,0.06024264847831318,-10.17270242443921,17.07041430868865,0.45902324683737294
adaptive,indicator_id:X18,33,0.5757575757575758,0.6806353744971468,0.6052631578947368,0.25139113182853573,0.6968258295772266,0.10487779873957104,-1.621464250949034,2.5480848530995273,0.18029902922112612
adaptive,indicator_id:X19,26,0.6153846153846154,0.6597337529791395,0.5625,0.23564064129495355,0.6646190685909262,0.11041335367659003,-0.8530334774531957,2.001766540322369,0.10540925533894596
adaptive,indicator_id:X21,64,0.59375,0.652603152031054,0.4919028340080972,0.24409445498417892,0.6818104841359012,0.058853152031054026,-0.09673880496293114,0.7537280150305217,-0.01377765116429677
adaptive,indicator_id:X23,136,0.6397058823529411,0.6341606033215174,0.47595589960121976,0.23398159922569556,0.660985012998838,0.04155194956668539,1.0721264958296974,-0.8958409722278458,-0.03998799731415743
adaptive,indicator_id:X24,144,0.6180555555555556,0.6495544662639675,0.491726251276813,0.23868943523638966,0.6707220630830732,0.07116598173765541,0.6170773753228396,-0.21856757188482676,-0.013925707802799931
adaptive,indicator_id:X25,142,0.6338028169014085,0.6396707207627442,0.47158119658119657,0.23514951052334293,0.6632943604647684,0.06284210774788744,1.1673175603831725,-1.0696899479186497,-0.047428759125704
adaptive,indicator_id:X28,124,0.6048387096774194,0.628796791229072,0.4489795918367347,0.244531419074834,0.6829293864398095,0.05981106413519548,1.1524589225694757,-1.3618149490107248,-0.08640833984416196
adaptive,indicator_id:X29,130,0.6384615384615384,0.6201638688743635,0.42399384773135096,0.23638458937794601,0.665937689132097,0.056506623061403596,1.6258537739825702,-2.123372095100913,-0.12650184003324985
adaptive,indicator_id:X3,143,0.6503496503496503,0.6598655632182567,0.47655913978494624,0.23033498032984928,0.653555381411889,0.03603195297032278,0.8659760336300293,-0.3660482939827474,-0.03872266386568678
adaptive,indicator_id:X31,85,0.5647058823529412,0.6285893865873983,0.5557432432432432,0.24768765244198487,0.6888105391920893,0.06388350423445709,-0.45052248390945665,1.3482372818939417,0.09574485995486065
adaptive,indicator_id:X32,127,0.6929133858267716,0.6442543487937658,0.40879953379953377,0.22206902405434975,0.6367735031914715,0.09113605450258053,2.1925744510120886,-2.266018509942962,-0.1457374155331063
adaptive,indicator_id:X35,63,0.5238095238095238,0.6219876482930582,0.4121212121212121,0.2684815652556348,0.7317238613481698,0.16844545817004278,0.8283307646151611,-1.4536843663162826,-0.1520570100681006
adaptive,indicator_id:X37,41,0.6341463414634146,0.6157398695515478,0.358974358974359,0.24518031370887297,0.6839605900662197,0.1444889207498638,1.7590481505529756,-2.471878847152013,-0.2353782708810021
adaptive,indicator_id:X38,145,0.6275862068965518,0.6616336600454223,0.48921448921448923,0.23944848530877705,0.6734810559920326,0.06626489137393826,0.8277278804579459,-0.4486747181282562,-0.018063056593185585
adaptive,indicator_id:X39,147,0.7006802721088435,0.6977442842107264,0.47639011473962933,0.21414931375474613,0.6205111498985955,0.04634216749782817,1.2253687780775249,-0.44030324313287383,-0.03745606625145659
adaptive,indicator_id:X40,139,0.6330935251798561,0.6825461056916393,0.48150623885918,0.23966609938165834,0.6747349288960783,0.06608271046012659,0.578422861227905,-0.04168051331830249,-0.030877258256619838
adaptive,indicator_id:X42,37,0.5135135135135135,0.6219401117320533,0.631578947368421,0.25448478178685663,0.7024477852491062,0.13643983808551038,-0.9591616644803791,2.010874634872394,0.22790142204853647
adaptive,indicator_id:X43,132,0.6287878787878788,0.6666826466257012,0.5443816080649126,0.23383327066782242,0.6608863294188501,0.040330645823488415,0.1015279422012561,0.6080277309546153,0.07427955183293505
adaptive,indicator_id:X46,36,0.6111111111111112,0.6729483745425544,0.47727272727272724,0.2428020037931703,0.6795515070415588,0.08551131551329931,0.707151137096121,-0.3519679056870357,-0.038395331411533284
adaptive,indicator_id:X30,9,0.5555555555555556,0.6178531208845931,0.7500000000000001,0.24400029316620017,0.6805526890776626,0.1512881110608493,-10.484141336266942,22.687522584030745,0.4330127018922193
adaptive,indicator_id:X34,46,0.5652173913043478,0.607953796890229,0.6115384615384616,0.24195917004282375,0.6763929050116754,0.042736405585881085,-0.8013676797402479,2.428075549695868,0.19158511275216478
adaptive,indicator_id:X2,13,0.6153846153846154,0.6039465498316418,0.35,0.2512986685381532,0.6962975355374934,0.11253504599524974,2.8004016523302684,-5.213978051266667,-0.253546276418555
adaptive,indicator_id:X27,104,0.6442307692307693,0.6254021540729705,0.4259782170229931,0.23550461788133467,0.6644040742527733,0.06812470725050668,1.6465144678851416,-2.0176785948293983,-0.12276516909147762
adaptive,indicator_id:X22,60,0.5833333333333334,0.6127936219429492,0.5588571428571428,0.24092761850757738,0.6742251996236076,0.05308953083352515,-0.38361821627866194,1.5716036795873742,0.10053167121558106
adaptive,indicator_id:X6,9,0.4444444444444444,0.6399192343517768,0.6000000000000001,0.2786792109572303,0.7516362526809335,0.19547478990733236,-3.5223531030406865,5.7086510142006155,0.17320508075688773
adaptive,indicator_id:X20,7,0.5714285714285714,0.6375456330550906,0.9166666666666667,0.23899409795493728,0.6700102279159886,0.0661170616265192,-40.26816053483492,71.73565230556513,0.7216878364870323
adaptive,indicator_id:X49,9,0.3333333333333333,0.6297461473510284,0.38888888888888884,0.3114354413866948,0.8200781474862793,0.29641281401769504,-0.35547453442807186,-0.6357261344977344,-0.18257418583505536
adaptive,indicator_id:X48,4,0.75,0.6271505872833797,0.0,0.2053039493698695,0.6023723303231068,0.12284941271662031,265.0050448226968,-493.8941683317343,-0.7745966692414834
adaptive,indicator_id:X36,45,0.5777777777777777,0.6049240610580331,0.4898785425101215,0.245147075164179,0.6834171780092201,0.05009110422262852,0.17542859986459952,0.3238027474416696,-0.017321755286970657
adaptive,indicator_id:X26,62,0.6129032258064516,0.5988788232031015,0.40899122807017546,0.24162623295622299,0.6764134442675337,0.07338275986707023,1.4152094640076995,-2.3565105421511534,-0.1535805094949313
adaptive,indicator_id:X33,54,0.5370370370370371,0.6021090361560261,0.5131034482758621,0.2508283601791089,0.6949170642693792,0.06507199911898903,-0.44822080546499093,1.4369454918032294,0.02263736875842079
adaptive,indicator_id:X11,74,0.6756756756756757,0.6393897671904754,0.3775,0.2288035098657383,0.6508474268796826,0.0882892218345848,2.3973736275812825,-2.826199135638953,-0.19866678924944883
adaptive,indicator_id:X9,62,0.6451612903225806,0.6275394048308371,0.46818181818181814,0.2335079759800937,0.6599649545117451,0.06586084541470465,1.1963919042153608,-1.1319595460620198,-0.05274388624301301
adaptive,indicator_id:X8,42,0.6428571428571429,0.6204497155513308,0.491358024691358,0.23162834577480332,0.6558574717588523,0.07514955427696816,0.6442568688805682,-0.11405279529520915,-0.014348450361363969
adaptive,indicator_id:X41,14,0.8571428571428571,0.7318085815416231,0.4583333333333333,0.13870622763526086,0.4565135736517857,0.125334275601234,1.8711524516465294,-0.07850744311137928,-0.05063696835418333
adaptive,indicator_id:X13,2,0.5,0.5974492051951419,1.0,0.25351720477265,0.7000847616682436,0.49398467302081867,-80.56067132012873,204.01299751500835,0.9999999999999999
adaptive,indicator_id:X1,11,0.5454545454545454,0.6395088140932367,0.36666666666666664,0.2614234576901182,0.7179570133171418,0.09405426863869126,2.2017489109230306,-3.5058350284321165,-0.23094010767585033
adaptive,indicator_id:X10,2,0.5,0.6624199109226244,1.0,0.25281818498447356,0.696462589338784,0.16241991092262442,-43.157944437726144,63.834949558308594,0.9999999999999999
adaptive,predicted_direction:Up,2534,0.6243093922651933,0.6435037667728509,0.4999920322111145,0.23713323923531007,0.6675654800623871,0.05494109185412207,0.4785540685662655,0.04916609557883062,-1.336729641763405e-05
adaptive,predicted_direction:Down,11,0.6363636363636364,0.6789032108176252,0.5,0.23157326250240803,0.6554744462335488,0.09187806503530922,-1.398814053492138,2.622434786355311,0.0
adaptive,window:tuning_early,552,0.6340579710144928,0.6781995079193279,0.5526591230551626,0.23227315650916425,0.6574960007232475,0.04688512589160345,-0.12803864887640767,0.9068945888964599,0.08786898044689083
adaptive,window:tuning_late,519,0.6473988439306358,0.6661539802316455,0.535828129065834,0.22875469624591016,0.6506111490095862,0.025399112719829423,0.32077588426954506,0.413013024644843,0.05929845592845494
adaptive,window:validation,675,0.5851851851851851,0.6063778796571089,0.42274864376130195,0.24888653233431535,0.6914754574303102,0.09280806366565929,1.0944502461828494,-1.713210105495672,-0.13184722785177555
adaptive,window:confirmation,799,0.6357947434292867,0.6366725499889319,0.4494277132884163,0.2359274781470003,0.6651692526733298,0.04797250112882039,1.0887444231944738,-0.9355787733395999,-0.0843014657798298
