period,indicator_id,eligible_rows,up_rate,mean_local_training_rows,raw_accuracy_A_global,raw_accuracy_B_pure_local,raw_accuracy_C_fixed_shrinkage,raw_accuracy_D_sample_aware_shrinkage,raw_accuracy_E_interaction,selected_A_global,selected_hits_A_global,selected_accuracy_A_global,selected_B_pure_local,selected_hits_B_pure_local,selected_accuracy_B_pure_local,selected_C_fixed_shrinkage,selected_hits_C_fixed_shrinkage,selected_accuracy_C_fixed_shrinkage,selected_D_sample_aware_shrinkage,selected_hits_D_sample_aware_shrinkage,selected_accuracy_D_sample_aware_shrinkage,selected_E_interaction,selected_hits_E_interaction,selected_accuracy_E_interaction
tuning,X1,5,0.6,1.2,0.6,0.6,0.6,0.6,0.6,,,,,,,,,,,,,,,
tuning,X2,60,0.5833333333333334,66.5,0.5833333333333334,0.6,0.55,0.5833333333333334,0.5833333333333334,15.0,10.0,0.6666666666666666,32.0,18.0,0.5625,13.0,8.0,0.6153846153846154,16.0,10.0,0.625,18.0,10.0,0.5555555555555556
tuning,X3,60,0.6833333333333333,71.5,0.6833333333333333,0.6833333333333333,0.6833333333333333,0.6833333333333333,0.6833333333333333,59.0,40.0,0.6779661016949152,55.0,38.0,0.6909090909090909,59.0,40.0,0.6779661016949152,59.0,40.0,0.6779661016949152,56.0,38.0,0.6785714285714286
tuning,X6,60,0.5333333333333333,71.5,0.5,0.5,0.5166666666666667,0.5166666666666667,0.5333333333333333,6.0,2.0,0.3333333333333333,10.0,5.0,0.5,4.0,1.0,0.25,7.0,3.0,0.42857142857142855,16.0,6.0,0.375
tuning,X7,34,0.4117647058823529,15.529411764705882,0.5,0.5,0.5,0.5,0.38235294117647056,,,,,,,,,,,,,,,
tuning,X9,17,0.6470588235294118,7.0588235294117645,0.6470588235294118,0.6470588235294118,0.6470588235294118,0.6470588235294118,0.6470588235294118,,,,,,,,,,,,,,,
tuning,X11,16,0.6875,6.5625,0.625,0.625,0.625,0.625,0.5625,,,,,,,,,,,,,,,
tuning,X12,50,0.32,23.52,0.5,0.5,0.5,0.5,0.38,,,,,,,,,,,,,,,
tuning,X13,53,0.4339622641509434,25.0188679245283,0.4528301886792453,0.4528301886792453,0.4528301886792453,0.4528301886792453,0.4339622641509434,,,,,,,,,,,,,,,
tuning,X16,60,0.36666666666666664,62.5,0.5,0.5166666666666667,0.5166666666666667,0.5,0.45,3.0,2.0,0.6666666666666666,,,,,,,3.0,2.0,0.6666666666666666,,,
tuning,X17,60,0.5,70.5,0.5,0.6,0.5166666666666667,0.5,0.5,14.0,9.0,0.6428571428571429,20.0,13.0,0.65,20.0,11.0,0.55,17.0,10.0,0.5882352941176471,21.0,10.0,0.47619047619047616
tuning,X18,60,0.5166666666666667,89.5,0.5166666666666667,0.55,0.5166666666666667,0.5166666666666667,0.5166666666666667,34.0,20.0,0.5882352941176471,30.0,16.0,0.5333333333333333,32.0,17.0,0.53125,34.0,20.0,0.5882352941176471,35.0,20.0,0.5714285714285714
tuning,X19,60,0.48333333333333334,72.5,0.48333333333333334,0.45,0.48333333333333334,0.48333333333333334,0.48333333333333334,20.0,11.0,0.55,29.0,18.0,0.6206896551724138,29.0,16.0,0.5517241379310345,20.0,11.0,0.55,27.0,15.0,0.5555555555555556
tuning,X20,60,0.48333333333333334,72.5,0.5166666666666667,0.55,0.48333333333333334,0.5,0.48333333333333334,,,,4.0,1.0,0.25,2.0,2.0,1.0,,,,4.0,3.0,0.75
tuning,X21,60,0.6166666666666667,123.5,0.6166666666666667,0.55,0.6166666666666667,0.6166666666666667,0.6166666666666667,55.0,34.0,0.6181818181818182,40.0,24.0,0.6,47.0,29.0,0.6170212765957447,54.0,34.0,0.6296296296296297,51.0,32.0,0.6274509803921569
tuning,X22,60,0.5833333333333334,123.5,0.5833333333333334,0.6,0.5833333333333334,0.5833333333333334,0.5833333333333334,,,,,,,,,,,,,,,
tuning,X23,60,0.6833333333333333,123.5,0.6833333333333333,0.65,0.6833333333333333,0.6833333333333333,0.6833333333333333,51.0,34.0,0.6666666666666666,37.0,26.0,0.7027027027027027,44.0,31.0,0.7045454545454546,50.0,33.0,0.66,47.0,32.0,0.6808510638297872
tuning,X24,60,0.6666666666666666,123.5,0.6666666666666666,0.6666666666666666,0.6666666666666666,0.6666666666666666,0.6666666666666666,60.0,40.0,0.6666666666666666,55.0,38.0,0.6909090909090909,60.0,40.0,0.6666666666666666,60.0,40.0,0.6666666666666666,56.0,38.0,0.6785714285714286
tuning,X25,60,0.6833333333333333,123.5,0.6833333333333333,0.6333333333333333,0.6833333333333333,0.6833333333333333,0.6833333333333333,54.0,37.0,0.6851851851851852,43.0,30.0,0.6976744186046512,50.0,34.0,0.68,53.0,36.0,0.6792452830188679,54.0,37.0,0.6851851851851852
tuning,X26,60,0.6333333333333333,123.5,0.6166666666666667,0.6,0.6166666666666667,0.6166666666666667,0.6333333333333333,7.0,5.0,0.7142857142857143,8.0,6.0,0.75,8.0,5.0,0.625,7.0,5.0,0.7142857142857143,10.0,6.0,0.6
tuning,X27,60,0.65,123.5,0.6333333333333333,0.6166666666666667,0.65,0.6333333333333333,0.65,18.0,12.0,0.6666666666666666,22.0,16.0,0.7272727272727273,17.0,11.0,0.6470588235294118,18.0,12.0,0.6666666666666666,22.0,15.0,0.6818181818181818
tuning,X28,60,0.6333333333333333,123.5,0.6333333333333333,0.5833333333333334,0.6333333333333333,0.6333333333333333,0.6333333333333333,47.0,30.0,0.6382978723404256,28.0,18.0,0.6428571428571429,44.0,29.0,0.6590909090909091,48.0,30.0,0.625,40.0,25.0,0.625
tuning,X29,60,0.65,123.5,0.65,0.5666666666666667,0.65,0.65,0.65,25.0,15.0,0.6,30.0,18.0,0.6,23.0,12.0,0.5217391304347826,22.0,12.0,0.5454545454545454,39.0,24.0,0.6153846153846154
tuning,X30,60,0.5166666666666667,123.5,0.5,0.5,0.5,0.5166666666666667,0.5166666666666667,1.0,1.0,1.0,,,,1.0,1.0,1.0,,,,,,
tuning,X31,60,0.6333333333333333,123.5,0.6333333333333333,0.6166666666666667,0.6333333333333333,0.6333333333333333,0.6333333333333333,37.0,20.0,0.5405405405405406,15.0,8.0,0.5333333333333333,33.0,19.0,0.5757575757575758,36.0,19.0,0.5277777777777778,20.0,9.0,0.45
tuning,X32,60,0.65,123.5,0.65,0.65,0.65,0.65,0.65,34.0,24.0,0.7058823529411765,30.0,21.0,0.7,36.0,24.0,0.6666666666666666,34.0,24.0,0.7058823529411765,28.0,19.0,0.6785714285714286
tuning,X33,60,0.6,123.5,0.5833333333333334,0.5166666666666667,0.5833333333333334,0.5833333333333334,0.6,5.0,3.0,0.6,12.0,7.0,0.5833333333333334,12.0,7.0,0.5833333333333334,6.0,3.0,0.5,10.0,6.0,0.6
tuning,X34,60,0.6,123.5,0.55,0.5666666666666667,0.5833333333333334,0.55,0.6,7.0,6.0,0.8571428571428571,23.0,15.0,0.6521739130434783,10.0,9.0,0.9,7.0,6.0,0.8571428571428571,8.0,6.0,0.75
tuning,X35,60,0.5833333333333334,123.5,0.5833333333333334,0.5666666666666667,0.5833333333333334,0.5833333333333334,0.5833333333333334,21.0,11.0,0.5238095238095238,11.0,6.0,0.5454545454545454,17.0,8.0,0.47058823529411764,21.0,11.0,0.5238095238095238,19.0,9.0,0.47368421052631576
tuning,X36,60,0.5666666666666667,123.5,0.65,0.4166666666666667,0.5833333333333334,0.65,0.5666666666666667,3.0,2.0,0.6666666666666666,1.0,0.0,0.0,2.0,2.0,1.0,3.0,2.0,0.6666666666666666,1.0,1.0,1.0
tuning,X37,60,0.5166666666666667,123.5,0.5166666666666667,0.48333333333333334,0.5166666666666667,0.5166666666666667,0.5166666666666667,16.0,9.0,0.5625,,,,15.0,9.0,0.6,16.0,9.0,0.5625,12.0,6.0,0.5
tuning,X38,60,0.6833333333333333,123.5,0.6833333333333333,0.6833333333333333,0.6833333333333333,0.6833333333333333,0.6833333333333333,60.0,41.0,0.6833333333333333,60.0,41.0,0.6833333333333333,60.0,41.0,0.6833333333333333,60.0,41.0,0.6833333333333333,60.0,41.0,0.6833333333333333
tuning,X39,60,0.75,123.5,0.75,0.7666666666666667,0.75,0.75,0.75,60.0,45.0,0.75,60.0,45.0,0.75,60.0,45.0,0.75,60.0,45.0,0.75,60.0,45.0,0.75
tuning,X40,60,0.65,123.5,0.65,0.65,0.65,0.65,0.65,60.0,39.0,0.65,60.0,39.0,0.65,60.0,39.0,0.65,60.0,39.0,0.65,60.0,39.0,0.65
tuning,X42,60,0.55,123.5,0.55,0.55,0.55,0.55,0.5333333333333333,15.0,9.0,0.6,18.0,13.0,0.7222222222222222,20.0,13.0,0.65,15.0,9.0,0.6,12.0,6.0,0.5
tuning,X43,60,0.6833333333333333,123.5,0.6833333333333333,0.6666666666666666,0.6833333333333333,0.6833333333333333,0.6833333333333333,60.0,41.0,0.6833333333333333,60.0,41.0,0.6833333333333333,60.0,41.0,0.6833333333333333,60.0,41.0,0.6833333333333333,60.0,41.0,0.6833333333333333
tuning,X44,60,0.48333333333333334,62.5,0.55,0.5833333333333334,0.5333333333333333,0.55,0.48333333333333334,,,,1.0,1.0,1.0,,,,,,,,,
tuning,X45,60,0.5,70.5,0.48333333333333334,0.6,0.5166666666666667,0.48333333333333334,0.5166666666666667,,,,3.0,2.0,0.6666666666666666,,,,,,,,,
tuning,X46,60,0.5166666666666667,70.5,0.5166666666666667,0.55,0.5,0.5166666666666667,0.5166666666666667,39.0,21.0,0.5384615384615384,36.0,21.0,0.5833333333333334,34.0,21.0,0.6176470588235294,39.0,21.0,0.5384615384615384,37.0,21.0,0.5675675675675675
tuning,X47,60,0.5,76.5,0.48333333333333334,0.5333333333333333,0.48333333333333334,0.48333333333333334,0.5166666666666667,1.0,0.0,0.0,3.0,0.0,0.0,2.0,0.0,0.0,1.0,0.0,0.0,,,
tuning,X48,60,0.55,70.5,0.55,0.55,0.55,0.55,0.55,7.0,3.0,0.42857142857142855,20.0,10.0,0.5,9.0,5.0,0.5555555555555556,8.0,3.0,0.375,9.0,5.0,0.5555555555555556
tuning,X49,60,0.4666666666666667,62.5,0.48333333333333334,0.43333333333333335,0.48333333333333334,0.48333333333333334,0.4666666666666667,6.0,3.0,0.5,35.0,18.0,0.5142857142857142,17.0,8.0,0.47058823529411764,6.0,3.0,0.5,8.0,5.0,0.625
tuning,X50,60,0.5166666666666667,35.5,0.5,0.5333333333333333,0.5166666666666667,0.5,0.5166666666666667,,,,9.0,4.0,0.4444444444444444,,,,,,,,,
validation,X1,40,0.475,23.5,0.45,0.45,0.45,0.45,0.525,,,,,,,,,,,,,,,
validation,X2,40,0.55,116.5,0.5,0.625,0.55,0.55,0.5,,,,,,,,,,,,,,,
validation,X3,40,0.65,121.5,0.65,0.65,0.65,0.65,0.675,40.0,26.0,0.65,38.0,24.0,0.631578947368421,39.0,25.0,0.6410256410256411,40.0,26.0,0.65,40.0,26.0,0.65
validation,X6,40,0.5,121.5,0.45,0.5,0.55,0.425,0.45,,,,,,,,,,,,,,,
validation,X7,40,0.5,52.5,0.5,0.525,0.5,0.5,0.55,,,,,,,,,,,,,,,
validation,X8,30,0.6,13.533333333333333,0.6333333333333333,0.6333333333333333,0.6333333333333333,0.6333333333333333,0.6666666666666666,2.0,1.0,0.5,5.0,3.0,0.6,,,,2.0,1.0,0.5,,,
validation,X9,40,0.625,35.5,0.525,0.525,0.525,0.525,0.625,10.0,7.0,0.7,12.0,7.0,0.5833333333333334,8.0,5.0,0.625,10.0,7.0,0.7,14.0,10.0,0.7142857142857143
validation,X11,40,0.65,34.5,0.55,0.55,0.55,0.55,0.625,25.0,17.0,0.68,31.0,21.0,0.6774193548387096,27.0,19.0,0.7037037037037037,25.0,17.0,0.68,31.0,21.0,0.6774193548387096
validation,X12,40,0.525,68.5,0.475,0.525,0.475,0.475,0.425,,,,,,,,,,,,,,,
validation,X13,40,0.525,71.5,0.45,0.45,0.375,0.425,0.5,,,,,,,,,,,,,,,
validation,X16,40,0.45,112.5,0.475,0.55,0.525,0.475,0.5,2.0,0.0,0.0,,,,,,,2.0,0.0,0.0,1.0,0.0,0.0
validation,X17,40,0.45,120.5,0.5,0.575,0.65,0.5,0.525,,,,,,,,,,,,,,,
validation,X18,40,0.45,139.5,0.475,0.45,0.5,0.475,0.4,,,,,,,,,,,,,,,
validation,X19,40,0.475,122.5,0.5,0.425,0.45,0.475,0.425,,,,,,,,,,,,,,,
validation,X20,40,0.5,122.5,0.475,0.525,0.45,0.5,0.55,,,,,,,,,,,,,,,
validation,X21,40,0.45,173.5,0.5,0.5,0.5,0.525,0.525,,,,,,,,,,,,,,,
validation,X22,40,0.6,173.5,0.5,0.575,0.525,0.5,0.525,,,,6.0,4.0,0.6666666666666666,1.0,1.0,1.0,1.0,1.0,1.0,5.0,4.0,0.8
validation,X23,40,0.625,173.5,0.575,0.625,0.625,0.6,0.6,40.0,25.0,0.625,40.0,25.0,0.625,39.0,25.0,0.6410256410256411,40.0,25.0,0.625,40.0,25.0,0.625
validation,X24,40,0.575,173.5,0.575,0.6,0.575,0.575,0.525,40.0,23.0,0.575,40.0,23.0,0.575,40.0,23.0,0.575,40.0,23.0,0.575,35.0,19.0,0.5428571428571428
validation,X25,40,0.625,173.5,0.525,0.625,0.575,0.55,0.625,39.0,24.0,0.6153846153846154,40.0,25.0,0.625,40.0,25.0,0.625,40.0,25.0,0.625,40.0,25.0,0.625
validation,X26,40,0.575,173.5,0.525,0.475,0.475,0.525,0.5,37.0,20.0,0.5405405405405406,39.0,22.0,0.5641025641025641,38.0,21.0,0.5526315789473685,37.0,20.0,0.5405405405405406,38.0,21.0,0.5526315789473685
validation,X27,40,0.6,173.5,0.6,0.55,0.6,0.65,0.6,30.0,17.0,0.5666666666666667,30.0,16.0,0.5333333333333333,27.0,16.0,0.5925925925925926,28.0,15.0,0.5357142857142857,37.0,22.0,0.5945945945945946
validation,X28,40,0.5,173.5,0.475,0.475,0.5,0.475,0.475,32.0,18.0,0.5625,34.0,18.0,0.5294117647058824,34.0,18.0,0.5294117647058824,32.0,18.0,0.5625,32.0,17.0,0.53125
validation,X29,40,0.625,173.5,0.55,0.625,0.575,0.525,0.6,39.0,24.0,0.6153846153846154,40.0,25.0,0.625,40.0,25.0,0.625,38.0,24.0,0.631578947368421,40.0,25.0,0.625
validation,X30,40,0.375,173.5,0.525,0.525,0.525,0.525,0.375,,,,,,,,,,,,,,,
validation,X31,40,0.425,173.5,0.45,0.4,0.4,0.425,0.425,17.0,7.0,0.4117647058823529,10.0,2.0,0.2,18.0,7.0,0.3888888888888889,16.0,7.0,0.4375,10.0,3.0,0.3
validation,X32,40,0.675,173.5,0.55,0.65,0.625,0.55,0.675,39.0,26.0,0.6666666666666666,40.0,27.0,0.675,40.0,27.0,0.675,40.0,27.0,0.675,40.0,27.0,0.675
validation,X33,40,0.55,173.5,0.575,0.425,0.525,0.6,0.575,32.0,18.0,0.5625,32.0,18.0,0.5625,30.0,17.0,0.5666666666666667,30.0,17.0,0.5666666666666667,30.0,16.0,0.5333333333333333
validation,X34,40,0.575,173.5,0.425,0.525,0.5,0.45,0.5,3.0,0.0,0.0,4.0,3.0,0.75,3.0,1.0,0.3333333333333333,4.0,1.0,0.25,5.0,2.0,0.4
validation,X35,40,0.55,173.5,0.525,0.55,0.5,0.525,0.525,14.0,4.0,0.2857142857142857,11.0,3.0,0.2727272727272727,13.0,4.0,0.3076923076923077,14.0,4.0,0.2857142857142857,14.0,4.0,0.2857142857142857
validation,X36,40,0.65,173.5,0.45,0.625,0.4,0.425,0.5,2.0,1.0,0.5,7.0,5.0,0.7142857142857143,4.0,3.0,0.75,2.0,1.0,0.5,11.0,4.0,0.36363636363636365
validation,X37,40,0.55,173.5,0.5,0.625,0.575,0.5,0.55,5.0,0.0,0.0,9.0,4.0,0.4444444444444444,9.0,4.0,0.4444444444444444,7.0,2.0,0.2857142857142857,8.0,3.0,0.375
validation,X38,40,0.575,173.5,0.575,0.575,0.575,0.575,0.55,40.0,23.0,0.575,38.0,21.0,0.5526315789473685,40.0,23.0,0.575,40.0,23.0,0.575,40.0,23.0,0.575
validation,X39,40,0.625,173.5,0.625,0.6,0.625,0.625,0.6,40.0,25.0,0.625,40.0,25.0,0.625,40.0,25.0,0.625,40.0,25.0,0.625,40.0,25.0,0.625
validation,X40,40,0.675,173.5,0.675,0.675,0.675,0.675,0.65,40.0,27.0,0.675,39.0,26.0,0.6666666666666666,40.0,27.0,0.675,40.0,27.0,0.675,38.0,25.0,0.6578947368421053
validation,X42,40,0.45,173.5,0.425,0.45,0.475,0.35,0.375,1.0,0.0,0.0,,,,,,,1.0,0.0,0.0,,,
validation,X43,40,0.5,173.5,0.5,0.5,0.5,0.5,0.475,31.0,14.0,0.45161290322580644,13.0,6.0,0.46153846153846156,30.0,14.0,0.4666666666666667,31.0,14.0,0.45161290322580644,11.0,4.0,0.36363636363636365
validation,X44,40,0.475,112.5,0.575,0.5,0.525,0.575,0.6,,,,2.0,1.0,0.5,,,,,,,,,
validation,X45,40,0.4,120.5,0.45,0.425,0.375,0.475,0.45,,,,,,,,,,,,,,,
validation,X46,40,0.45,120.5,0.5,0.675,0.6,0.5,0.425,,,,,,,,,,,,,,,
validation,X47,40,0.5,126.5,0.375,0.5,0.275,0.375,0.35,,,,,,,,,,,,,,,
validation,X48,40,0.475,120.5,0.45,0.525,0.475,0.475,0.375,,,,,,,,,,,,,,,
validation,X49,40,0.575,112.5,0.475,0.5,0.525,0.475,0.5,,,,,,,,,,,,,,,
validation,X50,40,0.525,85.5,0.425,0.4,0.425,0.425,0.45,,,,,,,,,,,,,,,
confirmation,X1,47,0.6382978723404256,67.0,0.574468085106383,0.5106382978723404,0.48936170212765956,0.574468085106383,0.6382978723404256,4.0,2.0,0.5,11.0,7.0,0.6363636363636364,6.0,3.0,0.5,5.0,2.0,0.4,6.0,3.0,0.5
confirmation,X2,47,0.574468085106383,160.0,0.5319148936170213,0.5531914893617021,0.574468085106383,0.5106382978723404,0.574468085106383,,,,7.0,5.0,0.7142857142857143,3.0,1.0,0.3333333333333333,1.0,0.0,0.0,7.0,4.0,0.5714285714285714
confirmation,X3,47,0.5531914893617021,165.0,0.5531914893617021,0.48936170212765956,0.5319148936170213,0.5531914893617021,0.5531914893617021,43.0,25.0,0.5813953488372093,30.0,17.0,0.5666666666666667,32.0,19.0,0.59375,41.0,24.0,0.5853658536585366,38.0,23.0,0.6052631578947368
confirmation,X5,27,0.5555555555555556,12.037037037037036,0.5185185185185185,0.5185185185185185,0.5185185185185185,0.5185185185185185,0.5185185185185185,,,,,,,,,,,,,,,
confirmation,X6,47,0.5319148936170213,165.0,0.5531914893617021,0.6170212765957447,0.574468085106383,0.5957446808510638,0.5106382978723404,,,,,,,,,,,,,,,
confirmation,X7,47,0.574468085106383,96.0,0.5531914893617021,0.5106382978723404,0.48936170212765956,0.5319148936170213,0.5319148936170213,,,,,,,,,,,,,,,
confirmation,X8,47,0.6382978723404256,52.0,0.6382978723404256,0.5531914893617021,0.6382978723404256,0.6382978723404256,0.6382978723404256,24.0,12.0,0.5,37.0,23.0,0.6216216216216216,25.0,14.0,0.56,25.0,12.0,0.48,21.0,12.0,0.5714285714285714
confirmation,X9,47,0.6382978723404256,79.0,0.6382978723404256,0.5531914893617021,0.6382978723404256,0.6382978723404256,0.6382978723404256,46.0,29.0,0.6304347826086957,45.0,28.0,0.6222222222222222,46.0,29.0,0.6304347826086957,46.0,29.0,0.6304347826086957,45.0,29.0,0.6444444444444445
confirmation,X10,26,0.6538461538461539,11.538461538461538,0.7307692307692307,0.7307692307692307,0.7307692307692307,0.7307692307692307,0.6538461538461539,2.0,1.0,0.5,2.0,1.0,0.5,2.0,1.0,0.5,2.0,1.0,0.5,2.0,1.0,0.5
confirmation,X11,47,0.6595744680851063,78.0,0.6595744680851063,0.574468085106383,0.6595744680851063,0.6595744680851063,0.6595744680851063,47.0,31.0,0.6595744680851063,44.0,28.0,0.6363636363636364,46.0,30.0,0.6521739130434783,47.0,31.0,0.6595744680851063,47.0,31.0,0.6595744680851063
confirmation,X12,47,0.5957446808510638,112.0,0.44680851063829785,0.5319148936170213,0.44680851063829785,0.46808510638297873,0.5106382978723404,,,,1.0,0.0,0.0,,,,,,,2.0,1.0,0.5
confirmation,X13,47,0.5957446808510638,115.0,0.46808510638297873,0.5106382978723404,0.46808510638297873,0.46808510638297873,0.5319148936170213,,,,11.0,5.0,0.45454545454545453,2.0,0.0,0.0,,,,4.0,1.0,0.25
confirmation,X14,45,0.5333333333333333,21.022222222222222,0.4666666666666667,0.4666666666666667,0.4666666666666667,0.4666666666666667,0.5111111111111111,,,,,,,,,,,,,,,
confirmation,X16,47,0.3191489361702128,156.0,0.6382978723404256,0.6808510638297872,0.6382978723404256,0.6382978723404256,0.48936170212765956,1.0,0.0,0.0,,,,,,,1.0,0.0,0.0,,,
confirmation,X17,47,0.574468085106383,164.0,0.48936170212765956,0.574468085106383,0.5957446808510638,0.48936170212765956,0.5106382978723404,,,,1.0,1.0,1.0,,,,,,,,,
confirmation,X18,47,0.48936170212765956,183.0,0.5106382978723404,0.44680851063829785,0.5319148936170213,0.5319148936170213,0.48936170212765956,,,,,,,,,,,,,,,
confirmation,X19,47,0.48936170212765956,166.0,0.425531914893617,0.5106382978723404,0.48936170212765956,0.46808510638297873,0.46808510638297873,,,,,,,,,,,,,,,
confirmation,X20,47,0.6170212765957447,166.0,0.44680851063829785,0.44680851063829785,0.40425531914893614,0.44680851063829785,0.44680851063829785,,,,,,,,,,,,,,,
confirmation,X21,47,0.5531914893617021,217.0,0.5319148936170213,0.5319148936170213,0.5106382978723404,0.5106382978723404,0.5106382978723404,,,,,,,,,,,,,,,
confirmation,X22,47,0.6170212765957447,217.0,0.5957446808510638,0.48936170212765956,0.5957446808510638,0.5957446808510638,0.6170212765957447,26.0,19.0,0.7307692307692307,29.0,18.0,0.6206896551724138,26.0,15.0,0.5769230769230769,26.0,19.0,0.7307692307692307,35.0,22.0,0.6285714285714286
confirmation,X23,47,0.574468085106383,217.0,0.574468085106383,0.5319148936170213,0.5531914893617021,0.574468085106383,0.574468085106383,35.0,19.0,0.5428571428571428,33.0,18.0,0.5454545454545454,36.0,20.0,0.5555555555555556,35.0,19.0,0.5428571428571428,32.0,18.0,0.5625
confirmation,X24,47,0.5957446808510638,217.0,0.5957446808510638,0.6595744680851063,0.5957446808510638,0.5957446808510638,0.574468085106383,43.0,26.0,0.6046511627906976,32.0,21.0,0.65625,38.0,24.0,0.631578947368421,42.0,27.0,0.6428571428571429,31.0,19.0,0.6129032258064516
confirmation,X25,47,0.5957446808510638,217.0,0.5957446808510638,0.5531914893617021,0.5957446808510638,0.5957446808510638,0.5957446808510638,39.0,23.0,0.5897435897435898,32.0,20.0,0.625,38.0,23.0,0.6052631578947368,39.0,22.0,0.5641025641025641,36.0,21.0,0.5833333333333334
confirmation,X26,47,0.5319148936170213,217.0,0.5106382978723404,0.5319148936170213,0.5319148936170213,0.5531914893617021,0.5106382978723404,4.0,1.0,0.25,5.0,4.0,0.8,8.0,4.0,0.5,4.0,1.0,0.25,8.0,4.0,0.5
confirmation,X27,47,0.6808510638297872,217.0,0.6595744680851063,0.6382978723404256,0.6382978723404256,0.6595744680851063,0.6808510638297872,46.0,31.0,0.6739130434782609,47.0,32.0,0.6808510638297872,46.0,31.0,0.6739130434782609,46.0,31.0,0.6739130434782609,47.0,32.0,0.6808510638297872
confirmation,X28,47,0.6808510638297872,217.0,0.6595744680851063,0.6595744680851063,0.6595744680851063,0.6595744680851063,0.6595744680851063,27.0,15.0,0.5555555555555556,12.0,7.0,0.5833333333333334,26.0,16.0,0.6153846153846154,26.0,14.0,0.5384615384615384,15.0,9.0,0.6
confirmation,X29,47,0.6382978723404256,217.0,0.6170212765957447,0.5957446808510638,0.5957446808510638,0.6170212765957447,0.6382978723404256,37.0,22.0,0.5945945945945946,45.0,28.0,0.6222222222222222,43.0,27.0,0.627906976744186,41.0,25.0,0.6097560975609756,45.0,28.0,0.6222222222222222
confirmation,X30,47,0.6595744680851063,217.0,0.5957446808510638,0.44680851063829785,0.5531914893617021,0.5531914893617021,0.6170212765957447,,,,1.0,1.0,1.0,,,,,,,5.0,4.0,0.8
confirmation,X31,47,0.6382978723404256,217.0,0.6382978723404256,0.5957446808510638,0.6170212765957447,0.6382978723404256,0.6382978723404256,9.0,4.0,0.4444444444444444,8.0,3.0,0.375,8.0,3.0,0.375,8.0,3.0,0.375,10.0,5.0,0.5
confirmation,X32,47,0.7021276595744681,217.0,0.6808510638297872,0.7021276595744681,0.7021276595744681,0.7021276595744681,0.7021276595744681,47.0,33.0,0.7021276595744681,47.0,33.0,0.7021276595744681,47.0,33.0,0.7021276595744681,47.0,33.0,0.7021276595744681,47.0,33.0,0.7021276595744681
confirmation,X33,47,0.5957446808510638,217.0,0.5531914893617021,0.46808510638297873,0.574468085106383,0.574468085106383,0.5957446808510638,,,,,,,,,,,,,2.0,1.0,0.5
confirmation,X34,47,0.6170212765957447,217.0,0.5106382978723404,0.425531914893617,0.5106382978723404,0.46808510638297873,0.425531914893617,8.0,5.0,0.625,9.0,3.0,0.3333333333333333,6.0,3.0,0.5,8.0,5.0,0.625,13.0,7.0,0.5384615384615384
confirmation,X35,47,0.46808510638297873,217.0,0.46808510638297873,0.5319148936170213,0.46808510638297873,0.46808510638297873,0.46808510638297873,7.0,2.0,0.2857142857142857,5.0,0.0,0.0,5.0,1.0,0.2,6.0,2.0,0.3333333333333333,5.0,1.0,0.2
confirmation,X36,47,0.5319148936170213,217.0,0.5319148936170213,0.5957446808510638,0.5531914893617021,0.5531914893617021,0.5531914893617021,17.0,10.0,0.5882352941176471,31.0,19.0,0.6129032258064516,19.0,11.0,0.5789473684210527,17.0,10.0,0.5882352941176471,32.0,18.0,0.5625
confirmation,X37,47,0.5319148936170213,217.0,0.5319148936170213,0.44680851063829785,0.48936170212765956,0.5319148936170213,0.5319148936170213,2.0,1.0,0.5,5.0,3.0,0.6,7.0,4.0,0.5714285714285714,2.0,1.0,0.5,4.0,3.0,0.75
confirmation,X38,47,0.5957446808510638,217.0,0.5957446808510638,0.5957446808510638,0.5957446808510638,0.5957446808510638,0.5957446808510638,47.0,28.0,0.5957446808510638,42.0,25.0,0.5952380952380952,47.0,28.0,0.5957446808510638,47.0,28.0,0.5957446808510638,38.0,22.0,0.5789473684210527
confirmation,X39,47,0.7021276595744681,217.0,0.7021276595744681,0.6382978723404256,0.7021276595744681,0.7021276595744681,0.6808510638297872,47.0,33.0,0.7021276595744681,47.0,33.0,0.7021276595744681,47.0,33.0,0.7021276595744681,47.0,33.0,0.7021276595744681,47.0,33.0,0.7021276595744681
confirmation,X40,47,0.5106382978723404,217.0,0.5106382978723404,0.5106382978723404,0.5106382978723404,0.5106382978723404,0.5106382978723404,40.0,23.0,0.575,35.0,20.0,0.5714285714285714,37.0,21.0,0.5675675675675675,39.0,22.0,0.5641025641025641,33.0,19.0,0.5757575757575758
confirmation,X41,38,0.7894736842105263,17.526315789473685,0.7631578947368421,0.7631578947368421,0.7631578947368421,0.7631578947368421,0.7368421052631579,14.0,12.0,0.8571428571428571,14.0,12.0,0.8571428571428571,14.0,12.0,0.8571428571428571,14.0,12.0,0.8571428571428571,14.0,12.0,0.8571428571428571
confirmation,X42,47,0.48936170212765956,217.0,0.44680851063829785,0.40425531914893614,0.40425531914893614,0.44680851063829785,0.5319148936170213,,,,,,,,,,,,,,,
confirmation,X43,47,0.6808510638297872,217.0,0.6808510638297872,0.6382978723404256,0.6808510638297872,0.6808510638297872,0.6808510638297872,43.0,29.0,0.6744186046511628,30.0,20.0,0.6666666666666666,41.0,28.0,0.6829268292682927,43.0,29.0,0.6744186046511628,34.0,22.0,0.6470588235294118
confirmation,X44,47,0.6382978723404256,156.0,0.5319148936170213,0.48936170212765956,0.5106382978723404,0.5319148936170213,0.5106382978723404,,,,4.0,1.0,0.25,1.0,0.0,0.0,,,,,,
confirmation,X45,47,0.5106382978723404,164.0,0.425531914893617,0.48936170212765956,0.48936170212765956,0.44680851063829785,0.5106382978723404,,,,,,,,,,,,,,,
confirmation,X46,47,0.44680851063829785,164.0,0.44680851063829785,0.425531914893617,0.40425531914893614,0.44680851063829785,0.44680851063829785,,,,,,,,,,,,,,,
confirmation,X47,47,0.2978723404255319,170.0,0.5531914893617021,0.6170212765957447,0.48936170212765956,0.48936170212765956,0.5531914893617021,,,,,,,,,,,,,,,
confirmation,X48,47,0.5106382978723404,164.0,0.3617021276595745,0.6382978723404256,0.5106382978723404,0.40425531914893614,0.46808510638297873,,,,,,,,,,,,,,,
confirmation,X49,47,0.48936170212765956,156.0,0.48936170212765956,0.46808510638297873,0.48936170212765956,0.46808510638297873,0.44680851063829785,,,,3.0,0.0,0.0,3.0,1.0,0.3333333333333333,,,,,,
confirmation,X50,47,0.48936170212765956,129.0,0.3829787234042553,0.5319148936170213,0.40425531914893614,0.3617021276595745,0.48936170212765956,,,,,,,,,,,,,,,
